t,xP,xR,vP,vR,phiP,phiR,F^intra,F^inter,L^intra,L^inter,tauドットPR,tauPR,tauRB,e2,e4a,e4b,e5,e6,e7,e8
0,0,80,5.3349593749999995,,0,0,3.90125,0,1.3675,1,,,,0,0,0,0,0,0,0
0.016666666666666666,0.08891599,80,5.3349593749999995,,0.20426897233028635,0,3.90125,0,1.3675,1,,,,0,0,0,0,0,0,0
0.033333333,0.1778319791666263,80,5.3349593749999995,,0.4085379446605727,0,3.90125,0,1.3675,1,,,,0,0,0,0,0,0,0
0.05,0.26674796874993945,80,5.3349593749999995,,0.612806917,0,3.90125,0,1.3675,1,,,,0,0,0,0,0,0,0
0.066666667,0.3556639583332526,80,5.3349593749999995,,0.8170758893211454,0,3.90125,0,1.3675,1,,,,0,0,0,0,0,0,0
0.083333333,0.44457994791656574,80,5.3349593749999995,,1.0213448616514318,0,3.90125,0,1.3675,1,,,,0,0,0,0,0,0,0
0.1,0.5334959374998789,80,5.3349593749999995,,1.2256138339817182,0,3.90125,0,1.3675,1,,,,0,0,0,0,0,0,0
0.11666666666666665,0.622411927,80,5.3349593749999995,,1.4298828063120046,0,3.90125,0,1.3675,1,,,,0,0,0,0,0,0,0
0.13333333333333333,0.7113279166665052,80,5.3349593749999995,,1.634151778642291,0,3.90125,0,1.3675,1,,,,0,0,0,0,0,0,0
0.15,0.8002439062498183,80,5.3349593749999995,,1.8384207509725774,0,3.90125,0,1.3675,1,,,,0,0,0,0,0,0,0
0.16666666666666666,0.8891598958331315,80,5.3349593749999995,,2.0426897233028636,0,3.90125,0,1.3675,1,,,,0,0,0,0,0,0,0
0.18333333333333332,0.9780758854164446,80,5.3349593749999995,,2.246958696,0,3.90125,0,1.3675,1,,,,0,0,0,0,0,0,0
0.19999999999999998,1.0669918749997578,80,5.3349593749999995,,2.4512276679634364,0,3.90125,0,1.3675,1,,,,0,0,0,0,0,0,0
0.21666666666666665,1.155907864583071,80,5.3349593749999995,,2.655496640293723,0,3.90125,0,1.3675,1,,,,0,0,0,0,0,0,0
0.2333333333333333,1.244823854166384,80,5.3349593749999995,,2.859765612624009,0,3.90125,0,1.3675,1,,,,0,0,0,0,0,0,0
0.24999999999999997,1.3337398437496972,80,5.3349593749999995,,3.0640345849542956,0,3.90125,0,1.3675,1,,,,0,0,0,0,0,0,0
0.26666666666666666,1.4226558333330104,80,5.3349593749999995,,3.268303557284582,0,3.90125,0,1.3675,1,,,,0,0,0,0,0,0,0
0.2833333333333333,1.5115718229163235,80,5.3349593749999995,,3.4725725296148684,0,3.90125,0,1.3675,1,,,,0,0,0,0,0,0,0
0.3,1.6004878124996367,80,5.3349593749999995,,3.676841501945155,0,3.90125,0,1.3675,1,,,,0,0,0,0,0,0,0
0.31666666666666665,1.6894038020829498,80,5.3349593749999995,,3.881110474275441,0,3.90125,0,1.3675,1,,,,0,0,0,0,0,0,0
0.3333333333333333,1.778319791666263,80,5.3349593749999995,,4.085379446605727,0,3.90125,0,1.3675,1,,,,0,0,0,0,0,0,0
0.35,1.8672357812495761,80,5.3349593749999995,,4.289648418936014,0,3.90125,0,1.3675,1,,,,0,0,0,0,0,0,0
0.36666666666666664,1.9561517708328893,80,5.3349593749999995,,4.493917391,0,3.90125,0,1.3675,1,,,,0,0,0,0,0,0,0
0.3833333333333333,2.0450677604162024,80,5.3349593749999995,,4.698186363596586,0,3.90125,0,1.3675,1,,,,0,0,0,0,0,0,0
0.39999999999999997,2.1339837499995156,80,5.3349593749999995,,4.902455335926873,0,3.90125,0,1.3675,1,,,,0,0,0,0,0,0,0
0.41666666666666663,2.2228997395828287,80,5.3349593749999995,,5.106724308257159,0,3.90125,0,1.3675,1,,,,0,0,0,0,0,0,0
0.4333333333333333,2.311815729166142,80,5.3349593749999995,,5.310993280587446,0,3.90125,0,1.3675,1,,,,0,0,0,0,0,0,0
0.44999999999999996,2.400731718749455,80,5.3349593749999995,,5.515262252917732,0,3.90125,0,1.3675,1,,,,0,0,0,0,0,0,0
0.4666666666666666,2.489647708332768,80,5.3349593749999995,,5.719531225248018,0,3.90125,0,1.3675,1,,,,0,0,0,0,0,0,0
0.4833333333333333,2.5785636979160813,80,5.3349593749999995,,5.923800197578305,0,3.90125,0,1.3675,1,,,,0,0,0,0,0,0,0
0.49999999999999994,2.6674796874993945,80,5.3349593749999995,,6.128069169908591,0,3.90125,0,1.3675,1,,,,0,0,0,0,0,0,0
0.5166666666666666,2.7563956770827076,80,5.3349593749999995,,0.049152835059291355,0,3.90125,0,1.3675,1,,,,0,0,0,0,0,0,0
0.5333333333333333,2.8453116666660208,80,5.3349593749999995,,0.2534218073895777,0,3.90125,0,1.3675,1,,,,0,0,0,0,0,0,0
0.55,2.934227656249334,80,5.3349593749999995,,0.45769077971986405,0,3.90125,0,1.3675,1,,,,0,0,0,0,0,0,0
0.5666666666666668,3.023143645832647,80,5.3349593749999995,,0.6619597520501503,0,3.90125,0,1.3675,1,,,,0,0,0,0,0,0,0
0.5833333333333335,3.112059635,80,5.3349593749999995,,0.8662287243804367,0,3.90125,0,1.3675,1,,,,0,0,0,0,0,0,0
0.6000000000000002,3.2009756249992734,80,5.3349593749999995,,1.0704976967107231,0,3.90125,0,1.3675,1,,,,0,0,0,0,0,0,0
0.6166666666666669,3.2898916145825865,80,5.3349593749999995,,1.2747666690410095,0,3.90125,0,1.3675,1,,,,0,0,0,0,0,0,0
0.6333333333333336,3.3788076041658996,80,5.3349593749999995,,1.479035641371296,0,3.90125,0,1.3675,1,,,,0,0,0,0,0,0,0
0.6500000000000004,3.467723593749213,80,5.3349593749999995,,1.6833046137015824,0,3.90125,0,1.3675,1,,,,0,0,0,0,0,0,0
0.6666666666666671,3.556639583332526,80,5.3349593749999995,,1.8875735860318688,0,3.90125,0,1.3675,1,,,,0,0,0,0,0,0,0
0.6833333333333338,3.645555572915839,80,5.3349593749999995,,2.091842558362155,0,3.90125,0,1.3675,1,,,,0,0,0,0,0,0,0
0.7000000000000005,3.7344715624991522,80,5.3349593749999995,,2.2961115306924413,0,3.90125,0,1.3675,1,,,,0,0,0,0,0,0,0
0.7166666666666672,3.8233875520824654,80,5.3349593749999995,,2.5003805030227277,0,3.90125,0,1.3675,1,,,,0,0,0,0,0,0,0
0.733333333,3.9123035416657785,80,5.3349593749999995,,2.704649475353014,0,3.90125,0,1.3675,1,,,,0,0,0,0,0,0,0
0.7500000000000007,4.001219531249092,80,5.3349593749999995,,2.9089184476833005,0,3.90125,0,1.3675,1,,,,0,0,0,0,0,0,0
0.7666666666666674,4.090135520832405,80,5.3349593749999995,,3.113187420013587,0,3.90125,0,1.3675,1,,,,0,0,0,0,0,0,0
0.7833333333333341,4.179051510415718,80,5.3349593749999995,,3.3174563923438734,0,3.90125,0,1.3675,1,,,,0,0,0,0,0,0,0
0.8000000000000008,4.267967499999031,80,5.3349593749999995,,3.5217253646741598,0,3.90125,0,1.3675,1,,,,0,0,0,0,0,0,0
0.8166666666666675,4.356883489582344,80,5.3349593749999995,,3.725994337004446,0,3.90125,0,1.3675,1,,,,0,0,0,0,0,0,0
0.8333333333333343,4.445799479165657,80,5.3349593749999995,,3.9302633093347326,0,3.90125,0,1.3675,1,,,,0,0,0,0,0,0,0
0.85,4.534715468748971,80,5.3349593749999995,,4.1345322816650185,0,3.90125,0,1.3675,1,,,,0,0,0,0,0,0,0
0.8666666666666677,4.623631458332284,80,5.3349593749999995,,4.338801253995305,0,3.90125,0,1.3675,1,,,,0,0,0,0,0,0,0
0.8833333333333344,4.712547447915597,80,5.3349593749999995,,4.543070226325591,0,3.90125,0,1.3675,1,,,,0,0,0,0,0,0,0
0.9000000000000011,4.801463437,80,5.3349593749999995,,4.747339198655878,0,3.90125,0,1.3675,1,,,,0,0,0,0,0,0,0
0.9166666666666679,4.890379427082223,80,5.3349593749999995,,4.951608170986164,0,3.90125,0,1.3675,1,,,,0,0,0,0,0,0,0
0.9333333333333346,4.979295416665536,80,5.3349593749999995,,5.1558771433164505,0,3.90125,0,1.3675,1,,,,0,0,0,0,0,0,0
0.9500000000000013,5.0682114062488495,80,5.3349593749999995,,5.360146115646737,0,3.90125,0,1.3675,1,,,,0,0,0,0,0,0,0
0.966666667,5.157127395832163,80,5.3349593749999995,,5.564415087977023,0,3.90125,0,1.3675,1,,,,0,0,0,0,0,0,0
0.9833333333333347,5.246043385415476,80,5.3349593749999995,,5.76868406,0,3.90125,0,1.3675,1,,,,0,0,0,0,0,0,0
1.0000000000000013,5.334959374998789,80,5.3349593749999995,,5.972953032637596,0,3.90125,0,1.3675,1,,,,0,0,0,0,0,0,0
1.016666666666668,5.423875364582102,80,5.3349593749999995,,6.1772220049678825,0,3.90125,0,1.3675,1,,,,0,0,0,0,0,0,0
1.0333333333333345,5.512791354165415,80,5.3349593749999995,,0.09830567,0,3.90125,0,1.3675,1,,,,0,0,0,0,0,0,0
1.0500000000000012,5.601707343748728,80,5.3349593749999995,,0.30257464244886906,0,3.90125,0,1.3675,1,,,,0,0,0,0,0,0,0
1.0666666666666678,5.6906233333320415,80,5.3349593749999995,,0.5068436147791554,0,3.90125,0,1.3675,1,,,,0,0,0,0,0,0,0
1.0833333333333344,5.779539322915355,80,5.3349593749999995,,0.7111125871094417,0,3.90125,0,1.3675,1,,,,0,0,0,0,0,0,0
1.100000000000001,5.868455312498668,80,5.3349593749999995,,0.9153815594397281,0,3.90125,0,1.3675,1,,,,0,0,0,0,0,0,0
1.1166666666666676,5.957371302081981,80,5.3349593749999995,,1.1196505317700145,0,3.90125,0,1.3675,1,,,,0,0,0,0,0,0,0
1.1333333333333342,6.046287291665294,80,5.3349593749999995,,1.323919504100301,0,3.90125,0,1.3675,1,,,,0,0,0,0,0,0,0
1.1500000000000008,6.135203281248607,80,5.3349593749999995,,1.5281884764305873,0,3.90125,0,1.3675,1,,,,0,0,0,0,0,0,0
1.1666666666666674,6.224119271,80,5.3349593749999995,,1.7324574487608737,0,3.90125,0,1.3675,1,,,,0,0,0,0,0,0,0
1.183333333333334,6.3130352604152336,80,5.3349593749999995,,1.936726421,0,3.90125,0,1.3675,1,,,,0,0,0,0,0,0,0
1.2000000000000006,6.401951249998547,80,5.3349593749999995,,2.1409953934214463,0,3.90125,0,1.3675,1,,,,0,0,0,0,0,0,0
1.2166666666666672,6.49086724,80,5.3349593749999995,,2.3452643657517327,0,3.90125,0,1.3675,1,,,,0,0,0,0,0,0,0
1.2333333333333338,6.579783229165173,80,5.3349593749999995,,2.549533338082019,0,3.90125,0,1.3675,1,,,,0,0,0,0,0,0,0
1.2500000000000004,6.668699218748486,80,5.3349593749999995,,2.7538023104123055,0,3.90125,0,1.3675,1,,,,0,0,0,0,0,0,0
1.266666666666667,6.757615208331799,80,5.3349593749999995,,2.958071282742592,0,3.90125,0,1.3675,1,,,,0,0,0,0,0,0,0
1.2833333333333337,6.846531197915112,80,5.3349593749999995,,3.1623402550728783,0,3.90125,0,1.3675,1,,,,0,0,0,0,0,0,0
1.3000000000000003,6.935447187498426,80,5.3349593749999995,,3.3666092274031647,0,3.90125,0,1.3675,1,,,,0,0,0,0,0,0,0
1.3166666666666669,7.024363177081739,80,5.3349593749999995,,3.570878199733451,0,3.90125,0,1.3675,1,,,,0,0,0,0,0,0,0
1.3333333333333335,7.113279166665052,80,5.3349593749999995,,3.7751471720637375,0,3.90125,0,1.3675,1,,,,0,0,0,0,0,0,0
1.35,7.202195156248365,80,5.3349593749999995,,3.979416144394024,0,3.90125,0,1.3675,1,,,,0,0,0,0,0,0,0
1.3666666666666667,7.291111145831678,80,5.3349593749999995,,4.183685117,0,3.90125,0,1.3675,1,,,,0,0,0,0,0,0,0
1.3833333333333333,7.380027135414991,80,5.3349593749999995,,4.387954089054596,0,3.90125,0,1.3675,1,,,,0,0,0,0,0,0,0
1.4,7.4689431249983045,80,5.3349593749999995,,4.592223061384883,0,3.90125,0,1.3675,1,,,,0,0,0,0,0,0,0
1.4166666666666665,7.557859114581618,80,5.3349593749999995,,4.796492033715169,0,3.90125,0,1.3675,1,,,,0,0,0,0,0,0,0
1.4333333333333331,7.646775104164931,80,5.3349593749999995,,5.0007610060454555,0,3.90125,0,1.3675,1,,,,0,0,0,0,0,0,0
1.4499999999999997,7.735691093748244,80,5.3349593749999995,,5.205029978375742,0,3.90125,0,1.3675,1,,,,0,0,0,0,0,0,0
1.4666666666666663,7.824607083331557,80,5.3349593749999995,,5.409298950706028,0,3.90125,0,1.3675,1,,,,0,0,0,0,0,0,0
1.483333333333333,7.913523073,80,5.3349593749999995,,5.613567923036315,0,3.90125,0,1.3675,1,,,,0,0,0,0,0,0,0
1.4999999999999996,8.002439062498183,80,5.3349593749999995,,5.817836895366601,0,3.90125,0,1.3675,1,,,,0,0,0,0,0,0,0
1.5166666666666662,8.091355052081497,80,5.3349593749999995,,6.0221058676968875,0,3.90125,0,1.3675,1,,,,0,0,0,0,0,0,0
1.5333333333333328,8.180271042,80,5.3349593749999995,,6.226374840027174,0,3.90125,0,1.3675,1,,,,0,0,0,0,0,0,0
1.5499999999999994,8.269187031248123,80,5.3349593749999995,,0.14745850517787407,0,3.90125,0,1.3675,1,,,,0,0,0,0,0,0,0
1.566666666666666,8.358103020831436,80,5.3349593749999995,,0.3517274775081604,0,3.90125,0,1.3675,1,,,,0,0,0,0,0,0,0
1.5833333333333326,8.44701901,80,5.3349593749999995,,0.5559964498384468,0,3.90125,0,1.3675,1,,,,0,0,0,0,0,0,0
1.5999999999999992,8.535934999998062,80,5.3349593749999995,,0.760265422,0,3.90125,0,1.3675,1,,,,0,0,0,0,0,0,0
1.6166666666666658,8.624850989581375,80,5.3349593749999995,,0.9645343944990195,0,3.90125,0,1.3675,1,,,,0,0,0,0,0,0,0
1.6333333333333324,8.713766979164689,80,5.3349593749999995,,1.1688033668293059,0,3.90125,0,1.3675,1,,,,0,0,0,0,0,0,0
1.649999999999999,8.802682968748002,80,5.3349593749999995,,1.3730723391595923,0,3.90125,0,1.3675,1,,,,0,0,0,0,0,0,0
1.6666666666666656,8.891598958331315,80,5.3349593749999995,,1.5773413114898787,0,3.90125,0,1.3675,1,,,,0,0,0,0,0,0,0
1.6833333333333322,8.980514947914628,80,5.3349593749999995,,1.781610283820165,0,3.90125,0,1.3675,1,,,,0,0,0,0,0,0,0
1.6999999999999988,9.069430937497941,80,5.3349593749999995,,1.9858792561504515,0,3.90125,0,1.3675,1,,,,0,0,0,0,0,0,0
1.7166666666666655,9.158346927081254,80,5.3349593749999995,,2.1901482284807376,0,3.90125,0,1.3675,1,,,,0,0,0,0,0,0,0
1.733333333333332,9.247262916664567,80,5.3349593749999995,,2.394417200811024,0,3.90125,0,1.3675,1,,,,0,0,0,0,0,0,0
1.7499999999999987,9.336178906,80,5.3349593749999995,,2.5986861731413105,0,3.90125,0,1.3675,1,,,,0,0,0,0,0,0,0
1.7666666666666653,9.425094895831194,80,5.3349593749999995,,2.802955145471597,0,3.90125,0,1.3675,1,,,,0,0,0,0,0,0,0
1.7833333333333319,9.514010885414507,80,5.3349593749999995,,3.0072241178018833,0,3.90125,0,1.3675,1,,,,0,0,0,0,0,0,0
1.7999999999999985,9.602926875,80,5.3349593749999995,,3.2114930901321697,0,3.90125,0,1.3675,1,,,,0,0,0,0,0,0,0
1.816666666666665,9.691842864581133,80,5.3349593749999995,,3.415762062462456,0,3.90125,0,1.3675,1,,,,0,0,0,0,0,0,0
1.8333333333333317,9.780758854164446,80,5.3349593749999995,,3.6200310347927425,0,3.90125,0,1.3675,1,,,,0,0,0,0,0,0,0
1.8499999999999983,9.869674844,80,5.3349593749999995,,3.824300007123029,0,3.90125,0,1.3675,1,,,,0,0,0,0,0,0,0
1.866666666666665,9.958590833331073,80,5.3349593749999995,,4.028568979453315,0,3.90125,0,1.3675,1,,,,0,0,0,0,0,0,0
1.8833333333333315,10.047506822914386,80,5.355759356,,4.232837951783601,0,3.9099491393982064,0,1.3697772438351137,1,,,,0,0,0,0,0,0,0
1.8999999999999981,10.136769478842723,80,5.394810043869024,,4.437562409987653,0,3.926148697248504,0,1.3740717583238191,1,,,,0,0,0,0,0,0,0
1.9166666666666647,10.226682979573866,80,5.434103183264811,,4.643135075057271,0,3.9422750144031142,0,1.378418086868952,1,,,,0,0,0,0,0,0,0
1.9333333333333313,10.317251365961624,80,5.473638429399779,,4.8495521121185945,0,3.9583256308818466,0,1.3828166098048753,1,,,,0,0,0,0,0,0,0
1.949999999999998,10.408478673118282,80,5.513415345225494,,5.056809557493504,0,3.974298064319957,0,1.3872677026223235,1,,,,0,0,0,0,0,0,0
1.9666666666666646,10.500368928872035,80,5.553433397869514,,5.264903317527566,0,3.9901898103862212,0,1.3917717356237704,1,,,,0,0,0,0,0,0,0
1.9833333333333312,10.592926152169866,80,5.5936919553218765,,5.473829167439869,0,4.005998343233725,0,1.3963290735678469,1,,,,0,0,0,0,0,0,0
1.9999999999999978,10.686154351425216,80,5.634190283073596,,5.683582750196469,0,4.021721115984533,0,1.4009400753026415,1,,,,0,0,0,0,0,0,0
2.0166666666666644,10.780057522809784,80,5.6749275407094295,,5.894159575409201,0,4.037355561249419,0,1.4056050933877222,1,,,,0,0,0,0,0,0,0
2.033333333333331,10.874639648488255,80,5.715902778457348,,6.105555018261719,0,4.052899091683838,0,1.4103244737047202,1,,,,0,0,0,0,0,0,0
2.0499999999999976,10.96990469,80,5.757114933697424,,0.034579011285044814,0,4.068349100581358,0,1.415098555056336,1,,,,0,0,0,0,0,0,0
2.066666666666664,11.065856610357514,80,5.798562827,,0.24759727206212875,0,4.083702963,0,1.4199276687536255,1,,,,0,0,0,0,0,0,0
2.083333333333331,11.162499324148087,80,5.840245160727675,,0.4614194591696439,0,4.0989580339629015,0,1.424812138191443,1,,,,0,0,0,0,0,0,0
2.0999999999999974,11.259836743493565,80,5.8821605111105075,,0.6760403999508224,0,4.114111654113979,0,1.429752278411923,1,,,,0,0,0,0,0,0,0
2.116666666666664,11.35787275,80,5.924307328954855,,0.8914547824276996,0,4.129161145530703,0,1.4347483956559002,1,,,,0,0,0,0,0,0,0
2.1333333333333306,11.456611207494689,80,5.966683933833122,,1.107657154432494,0,4.144103814994322,0,1.439800786902173,1,,,,0,0,0,0,0,0,0
2.1499999999999972,11.55605593972524,80,6.009288511,,1.3246419227808206,0,4.158936954339297,0,1.4449097393945387,1,,,,0,0,0,0,0,0,0
2.166666666666664,11.65621074823946,80,6.052119106977392,,1.5424033524890781,0,4.173657841,0,1.4500755301565362,1,,,,0,0,0,0,0,0,0
2.1833333333333305,11.757079400022405,80,6.095173627339008,,1.760935566,0,4.188263740662424,0,1.4552984254938501,1,,,,0,0,0,0,0,0,0
2.199999999999997,11.858665627144717,80,6.138449832,,1.9802325426877796,0,4.202751904819729,0,1.4605786804843504,1,,,,0,0,0,0,0,0,0
2.2166666666666637,11.960973124337102,80,6.181945329985061,,2.2002881178384825,0,4.217119575236745,0,1.465916538455757,1,,,,0,0,0,0,0,0,0
2.2333333333333303,12.064005546503495,80,6.225657580149284,,2.4210959824530405,0,4.231363983320656,0,1.471312230450939,1,,,,0,0,0,0,0,0,0
2.249999999999997,12.167766506172654,80,6.269583882953058,,2.642649682530784,0,4.245482351601368,0,1.4767659746808774,1,,,,0,0,0,0,0,0,0
2.2666666666666635,12.272259570888536,80,6.313721379086096,,2.864942619,0,4.259471894921883,0,1.4822779759653484,1,,,,0,0,0,0,0,0,0
2.283333333,12.377488260539963,80,6.358067045385878,,3.0879680455306966,0,4.273329821682726,0,1.4878484251613973,1,,,,0,0,0,0,0,0,0
2.2999999999999967,12.483456044629747,80,6.402617691244901,,3.311719071766774,0,4.287053335141492,0,1.493477498579706,1,,,,0,0,0,0,0,0,0
2.3166666666666633,12.590166339483801,80,6.447369955058927,,3.5361886594872427,0,4.300639634768494,0,1.4991653573889812,1,,,,0,0,0,0,0,0,0
2.333333333,12.697622505401455,80,6.492320300724142,,3.7613696241926724,0,4.314085917659498,0,1.504912147008512,1,,,,0,0,0,0,0,0,0
2.3499999999999965,12.80582784374684,80,6.537465014191473,,3.987254635,0,4.327389380006446,0,1.510717996489083,1,,,,0,0,0,0,0,0,0
2.366666666666663,12.914785593983368,80,6.5828002,,4.213836212714756,0,4.340547218627035,0,1.516583017882447,1,,,,0,0,0,0,0,0,0
2.3833333333333298,13.024498930651475,80,6.628321778405011,,4.441106733624728,0,4.353556633,0,1.5225073055996068,1,,,,0,0,0,0,0,0,0
2.3999999999999964,13.134970960291582,80,6.674025481,,4.669058425855038,0,4.366414824684486,0,1.528490935758171,1,,,,0,0,0,0,0,0,0
2.416666666666663,13.246204718313095,80,6.719906849907445,,4.897683371450944,0,4.379119003491229,0,1.534533966,1,,,,0,0,0,0,0,0,0
2.4333333333333296,13.358203165811574,80,6.765961231418474,,5.126973506293669,0,4.3916663847943775,0,1.5406364324131745,1,,,,0,0,0,0,0,0,0
2.449999999999996,13.470969186335196,80,6.812183776073373,,5.356920620485123,0,4.404054193596224,0,1.5467983536575738,1,,,,0,0,0,0,0,0,0
2.466666666666663,13.584505582603072,80,6.858569434425161,,5.587516358828677,0,4.416279665978201,0,1.5530197254629696,1,,,,0,0,0,0,0,0,0
2.4833333333333294,13.698815073176831,80,6.905112954681071,,5.8187522214092615,0,4.428340051060821,0,1.5593005223315974,1,,,,0,0,0,0,0,0,0
2.499999999999996,13.813900289088167,80,6.951808880200924,,6.050619564276097,0,4.440232613026744,0,1.5656406963467913,1,,,,0,0,0,0,0,0,0
2.5166666666666626,13.92976377042487,80,6.998651547,,6.283109600231341,0,4.4519546332070705,0,1.5720401764545198,1,,,,0,0,0,0,0,0,0
2.533333333333329,14.046407962877424,80,7.045635082348886,,0.23302809254839385,0,4.463503412230873,0,1.5784988677374967,1,,,,0,0,0,0,0,0,0
2.549999999999996,14.16383521,80,7.092753401240962,,0.46673658470068524,0,4.474876272237851,0,1.585016650682485,1,,,,0,0,0,0,0,0,0
2.5666666666666624,14.282047770937254,80,7.1400002061425685,,0.7010405584104471,0,4.486070559153856,0,1.5915933804414537,1,,,,0,0,0,0,0,0,0
2.583333333333329,14.401047774372955,80,7.187368984635963,,0.9359306636125007,0,4.497083645028919,0,1.5982288860872953,1,,,,0,0,0,0,0,0,0
2.5999999999999956,14.52083725745024,80,7.234853008,,1.1713974126425284,0,4.507912930437254,0,1.6049229698648553,1,,,,0,0,0,0,0,0,0
2.6166666666666623,14.641418140920393,80,7.2824453311278265,,1.407431181730597,0,4.518555846938577,0,1.611675406438065,1,,,,0,0,0,0,0,0,0
2.633333333333329,14.762792229772515,80,7.330138789548907,,1.6440222126235542,0,4.529009859599936,0,1.6184859421340285,1,,,,0,0,0,0,0,0,0
2.6499999999999955,14.884961209598316,80,7.377926000902573,,1.8811606143394692,0,4.5392724695770585,0,1.625354294184945,1,,,,0,0,0,0,0,0,0
2.666666666666662,15.00792664,80,7.425799363542646,,2.1188363650572306,0,4.549341216754091,0,1.6322801499688078,1,,,,0,0,0,0,0,0,0
2.6833333333333287,15.131689965672422,80,7.473751056686961,,2.3570393141443624,0,4.559213682440414,0,1.639263166249861,1,,,,0,0,0,0,0,0,0
2.6999999999999953,15.256252483283845,80,7.5217730406584815,,2.5957591843260435,0,4.568887492123056,0,1.6463029684198434,1,,,,0,0,0,0,0,0,0
2.716666666666662,15.381615367294842,80,7.569857057441004,,2.834985573998245,0,4.578360318273027,0,1.6533991497410978,1,,,,0,0,0,0,0,0,0
2.7333333333333285,15.507779651585508,80,7.617994631562828,,3.0747079596878044,0,4.587629883203721,0,1.6605512705926673,1,,,,0,0,0,0,0,0,0
2.749999999999995,15.634746228778226,80,7.666177071321614,,3.3149156986621677,0,4.5966939619793505,0,1.6677588577205462,1,,,,0,0,0,0,0,0,0
2.7666666666666617,15.762515846633562,80,7.714395470363521,,3.555598031691416,0,4.605550385,0,1.6750214034933026,1,,,,0,0,0,0,0,0,0
2.7833333333333283,15.89108910447294,80,7.762640709629438,,3.796744085965077,0,4.614197042858978,0,1.6823383651643256,1,,,,0,0,0,0,0,0,0
2.799999999999995,16.02046644963343,80,7.810903459680866,,4.038342878166103,0,4.622631885675474,0,1.689709164142001,1,,,,0,0,0,0,0,0,0
2.8166666666666615,16.15064817396143,80,7.859174183417666,,4.280383317704236,0,4.6308529298902625,0,1.6971331852691562,1,,,,0,0,0,0,0,0,0
2.833333333333328,16.281634410351728,80,7.907443139199439,,4.52285421,0,4.638858259530794,0,1.7046097761131533,1,,,,0,0,0,0,0,0,0
2.8499999999999948,16.413425129338407,80,7.955700384381933,,4.765744260597308,0,4.646646029736769,0,1.712138246268055,1,,,,0,0,0,0,0,0,0
2.8666666666666614,16.546020135744754,80,8.003935779279217,,5.0090420777781945,0,4.654214469944599,0,1.7197178666703108,1,,,,0,0,0,0,0,0,0
2.883333333333328,16.67941906539943,80,8.052138991561897,,5.252736177561682,0,4.661561887098218,0,1.7273478689294595,1,,,,0,0,0,0,0,0,0
2.8999999999999946,16.813621381925486,80,8.100299501100864,,5.496814987207714,0,4.668686668882352,0,1.7350274446753593,1,,,,0,0,0,0,0,0,0
2.916666666666661,16.948626373610523,80,8.148406605,,5.741266849555604,0,4.675587286974135,0,1.7427557449234987,1,,,,0,0,0,0,0,0,0
2.933333333333328,17.08443315036493,80,8.196449425,,5.986080027421867,0,4.682262300308753,0,1.750531879459954,1,,,,0,0,0,0,0,0,0
2.9499999999999944,17.221040640776323,80,8.244416909473804,,6.231242708169041,0,4.6887103583546015,0,1.758354916247588,1,,,,0,0,0,0,0,0,0
2.966666666666661,17.35844758926754,80,8.292297845947255,,0.1935577012664078,0,4.694930204393246,0,1.7662238808550974,1,,,,0,0,0,0,0,0,0
2.9833333333333276,17.496652553366687,80,8.340080864,,0.4393836719203853,0,4.700920678799246,0,1.7741377559105342,1,,,,0,0,0,0,0,0,0
2.9999999999999942,17.635653901096646,80,8.387754443774563,,0.6855233030807862,0,4.706680722314785,0,1.7820954805809293,1,,,,0,0,0,0,0,0,0
3.016666666666661,17.77544980849291,80,8.435306926,,0.9319645294144001,0,4.712209379313779,0,1.790095950079655,1,,,,0,0,0,0,0,0,0
3.0333333333333274,17.916038257256844,80,8.482726517809542,,1.1786952355515516,0,4.717505801050046,0,1.7981380152031643,1,,,,0,0,0,0,0,0,0
3.049999999999994,18.057417032553644,80,8.530001305,,1.4257032616823193,0,4.722569248883898,0,1.8062204818987324,1,,,,0,0,0,0,0,0,0
3.0666666666666607,18.199583720962323,80,8.577119257,,1.672976409321698,0,4.727399097481401,0,1.8143421108648243,1,,,,0,0,0,0,0,0,0
3.0833333333333273,18.34253570858607,80,8.624068244733545,,1.9205024472422745,0,4.731994837980368,0,1.8225016171856874,1,,,,0,0,0,0,0,0,0
3.099999999999994,18.486270179331655,80,8.670836041999664,,2.168269117572674,0,4.736356081117075,0,1.8306976700017534,1,,,,0,0,0,0,0,0,0
3.1166666666666605,18.630784113364996,80,8.717410343202216,,2.4162641420597195,0,4.740482560307526,0,1.8389288922173987,1,,,,0,0,0,0,0,0,0
3.133333333333327,18.77607428575169,80,8.763778772292829,,2.6644752284919306,0,4.744374134677016,0,1.8471938602475844,1,,,,0,0,0,0,0,0,0
3.1499999999999937,18.922137265289905,80,8.809928895206253,,2.912890077281643,0,4.748030792031661,0,1.8554911038048525,1,,,,0,0,0,0,0,0,0
3.1666666666666603,19.068969413543357,80,8.855848232323002,,3.1614963882027225,0,4.751452651765481,0,1.8638191057281113,1,,,,0,0,0,0,0,0,0
3.183333333333327,19.216566884082056,80,8.901524271372226,,3.410281867280492,0,4.754639967696603,0,1.8721763018545843,1,,,,0,0,0,0,0,0,0
3.1999999999999935,19.364925621938255,80,8.946944480761124,,3.6592342338301598,0,4.7575931308260735,0,1.8805610809362427,1,,,,0,0,0,0,0,0,0
3.216666667,19.514041363284264,80,8.992096323315451,,3.9083412276397005,0,4.760312672012828,0,1.8889717846019711,1,,,,0,0,0,0,0,0,0
3.2333333333333267,19.663909635339508,80,9.036967270413854,,4.157590616292799,0,4.7627992645583115,0,1.8974067073666427,1,,,,0,0,0,0,0,0,0
3.2499999999999933,19.814525756513092,80,9.081544816497017,,4.406970203,0,4.765053726694321,0,1.9058640966882008,1,,,,0,0,0,0,0,0,0
3.266666667,19.965884836788064,80,9.125816493930724,,4.6564678323228454,0,4.767077023967685,0,1.9143421530737543,1,,,,0,0,0,0,0,0,0
3.2833333333333266,20.117981778353567,80,9.169769888200491,,4.906071401616072,0,4.768870271515526,0,1.9228390302356408,1,,,,0,0,0,0,0,0,0
3.299999999999993,20.270811276490235,80,9.213392653411846,,5.155768865131337,0,4.770434736224643,0,1.9313528352980662,1,,,,0,0,0,0,0,0,0
3.3166666666666598,20.42436782071377,80,9.256672528073587,,5.405548243827219,0,4.771771838769563,0,1.9398816290555265,1,,,,0,0,0,0,0,0,0
3.3333333333333264,20.57864569618164,80,9.299597351131489,,5.655397633048638,0,4.772883155522564,0,1.9484234262829576,1,,,,0,0,0,0,0,0,0
3.349999999999993,20.73363898536718,80,9.342155078226211,,5.905305210679174,0,4.773770420330487,0,1.9569761960985668,1,,,,0,0,0,0,0,0,0
3.3666666666666596,20.889341570004262,80,9.384333798142833,,6.155259245386416,0,4.774435526152624,0,1.9655378623795128,1,,,,0,0,0,0,0,0,0
3.383333333333326,21.045747133306634,80,9.426121749419329,,0.12206279777348339,0,4.774880527,0,1.974106304230684,1,,,,0,0,0,0,0,0,0
3.399999999999993,21.20284916246362,80,9.467507337079699,,0.3720749575066868,0,4.775107637051693,0,1.9826793565066618,1,,,,0,0,0,0,0,0,0
3.4166666666666594,21.36064095141495,80,9.508479149,,0.6220990087177221,0,4.775119236301438,0,1.9912548103868166,1,,,,0,0,0,0,0,0,0
3.433333333333326,21.519115603905902,80,9.549025975061259,,0.8721236672640538,0,4.774917867,0,1.9998304140033372,1,,,,0,0,0,0,0,0,0
3.4499999999999926,21.678266036823572,80,9.589136819477703,,1.122137782145401,0,4.774506237419472,0,2.0084038731218508,1,,,,0,0,0,0,0,0,0
3.4666666666666592,21.838084983814895,80,9.628800922215976,,1.3721303441453288,0,4.773887221,0,2.0169728518741357,1,,,,0,0,0,0,0,0,0
3.483333333333326,21.998564999185135,80,9.668007774,,1.6220904945096464,0,4.773063857101466,0,2.0255349735422756,1,,,,0,0,0,0,0,0,0
3.4999999999999925,22.15969846207696,80,9.706747131000384,,1.8720075336527284,0,4.7720393529276315,0,2.034087821393452,1,,,,0,0,0,0,0,0,0
3.516666666666659,22.321477580926967,80,9.745009036,,2.121870929882709,0,4.770817082,0,2.042628939564409,1,,,,0,0,0,0,0,0,0
3.5333333333333257,22.483894398198174,80,9.782783831198296,,2.371670328136372,0,4.769400583351626,0,2.051155833994466,1,,,,0,0,0,0,0,0,0
3.5499999999999923,22.646940795384808,80,9.820062174,,2.621395558714444,0,4.767793564990929,0,2.059665973405804,1,,,,0,0,0,0,0,0,0
3.566666666666659,22.810608498285376,80,9.856835055257283,,2.871036646007914,0,4.7659999,0,2.0681567903295766,1,,,,0,0,0,0,0,0,0
3.5833333333333255,22.974889082539676,80,9.893093813053792,,3.120583817205928,0,4.764023626388954,0,2.076625682176262,1,,,,0,0,0,0,0,0,0
3.599999999999992,23.13977397942392,80,9.928830148459832,,3.3700275109757905,0,4.761868949079863,0,2.085070012348488,1,,,,0,0,0,0,0,0,0
3.6166666666666587,23.30525448189826,80,9.964036140077985,,3.619358386105568,0,4.759540235927739,0,2.093487111394442,1,,,,0,0,0,0,0,0,0
3.6333333333333253,23.471321750899563,80,9.998704258343286,,3.8685673300998284,0,4.757042018187171,0,2.1018742781998014,1,,,,0,0,0,0,0,0,0
3.649999999999992,23.63796682187194,80,10.032827379290467,,4.117645467719075,0,4.754378988949809,0,2.110228781,1,,,,0,0,0,0,0,0,0
3.6666666666666585,23.805180611526794,80,10.06639879778084,,4.366584169453515,0,4.751556001713263,0,2.118547859722417,1,,,,0,0,0,0,0,0,0
3.683333333333325,23.972953924823116,80,10.099412240147608,,4.615375059921896,0,4.748578069,0,2.1268287251202325,1,,,,0,0,0,0,0,0,0
3.6999999999999917,24.141277462158882,80,10.131861876219078,,4.864010026186273,0,4.745450359457384,0,2.135068562254985,1,,,,0,0,0,0,0,0,0
3.7166666666666583,24.31014182676256,80,10.16374233068068,,5.1124812259737125,0,4.742178198157696,0,2.143264530765467,1,,,,0,0,0,0,0,0,0
3.733333333333325,24.479537532273923,80,10.195048693737828,,5.360781095796144,0,4.738767062243214,0,2.1514137664558985,1,,,,0,0,0,0,0,0,0
3.7499999999999916,24.64945501050289,80,10.22577653104331,,5.608902358959753,0,4.73522258,0,2.159513382688519,1,,,,0,0,0,0,0,0,0
3.766666666666658,24.819884619353616,80,10.255921892854447,,5.856838033455564,0,4.7315505271086025,0,2.167560472,1,,,,0,0,0,0,0,0,0
3.7833333333333248,24.990816650901195,80,10.285481322387055,,6.10458144,0,4.727756826273411,0,2.175552106,1,,,,0,0,0,0,0,0,0
3.7999999999999914,25.162241339607647,80,10.314451863335206,,0.068940901,0,4.723847542304757,0,2.183485341337414,1,,,,0,0,0,0,0,0,0
3.816666666666658,25.334148870663228,80,10.342831066527829,,0.31628098002623956,0,4.719828880367606,0,2.191357214145923,1,,,,0,0,0,0,0,0,0
3.8333333333333246,25.506529388438707,80,10.370616995695345,,0.5634106423056364,0,4.715707182779345,0,2.199164747456416,1,,,,0,0,0,0,0,0,0
3.849999999999991,25.679373005033653,80,10.397808232321823,,0.8103244930039732,0,4.711488926,0,2.20690495,1,,,,0,0,0,0,0,0,0
3.866666666666658,25.85266980890566,80,10.424403879560545,,1.057017476288878,0,4.707180716940717,0,2.214574818010292,1,,,,0,0,0,0,0,0,0
3.8833333333333244,26.02640987,80,10.450403565193255,,1.3034848822798861,0,4.702789290583743,0,2.2221713369378024,1,,,,0,0,0,0,0,0,0
3.899999999999991,26.200583266318233,80,10.475807443616002,,1.5497223537245302,0,4.698321505613815,0,2.229691482606911,1,,,,0,0,0,0,0,0,0
3.9166666666666576,26.375180057045156,80,10.500616196836965,,1.795725892495185,0,4.6937843413782865,0,2.2371322227713506,1,,,,0,0,0,0,0,0,0
3.9333333333333242,26.550190326992436,80,10.524831034474381,,2.0414918659019987,0,4.689184894199917,0,2.2444905184891755,1,,,,0,0,0,0,0,0,0
3.949999999999991,26.725604177566993,80,10.548453692745221,,2.287017013,0,4.684530373713332,0,2.2517633255057063,1,,,,0,0,0,0,0,0,0
3.9666666666666575,26.901411739112746,80,10.571486432438107,,2.532298449610644,0,4.679828099140158,0,2.2589475956137033,1,,,,0,0,0,0,0,0,0
3.983333333333324,27.07760317965341,80,10.593932035866429,,2.7773336758826743,0,4.675085495512525,0,2.2660402779874778,1,,,,0,0,0,0,0,0,0
3.9999999999999907,27.254168713584534,80,10.615793802800436,,3.022120580009447,0,4.670310089854781,0,2.273038320487735,1,,,,0,0,0,0,0,0,0
4.016666666666658,27.431098610297852,80,10.637075545379616,,3.266657444480681,0,4.665509507333372,0,2.2799386709340057,1,,,,0,0,0,0,0,0,0
4.033333333333324,27.60838320272086,80,10.65778158200924,,3.5109429510388788,0,4.660691467384901,0,2.286738278341623,1,,,,0,0,0,0,0,0,0
4.049999999999991,27.786012895754368,80,10.677916730247503,,3.754976185615296,0,4.655863779832409,0,2.2934340941203097,1,,,,0,0,0,0,0,0,0
4.0666666666666575,27.96397817459183,80,10.697486298692077,,3.998756643062568,0,4.651034340999915,0,2.3000230732315448,1,,,,0,0,0,0,0,0,0
4.083333333333324,28.142269612903362,80,10.716496077877302,,4.242284231683888,0,4.646211129835191,0,2.3065021753020156,1,,,,0,0,0,0,0,0,0
4.099999999999991,28.32087788086801,80,10.734952330195428,,4.485559277559177,0,4.641402204050688,0,2.3128683656905924,1,,,,0,0,0,0,0,0,0
4.116666666666657,28.49979375303792,80,10.752861778857431,,4.728582528669196,0,4.636615696292354,0,2.3191186165064104,1,,,,0,0,0,0,0,0,0
4.133333333333324,28.67900811601885,80,10.770231595911044,,4.9713551588190485,0,4.63185981,0,2.325249907575803,1,,,,0,0,0,0,0,0,0
4.149999999999991,28.858511975950705,80,10.78706938933535,,5.213878771363061,0,4.627142817390388,0,2.3312592273559933,1,,,,0,0,0,0,0,0,0
4.166666666666657,29.038296465772987,80,10.80338318923317,,5.456155402733468,0,4.622473052306851,0,2.3371435737936275,1,,,,0,0,0,0,0,0,0
4.183333333333324,29.218352852260182,80,10.819181433143862,,5.698187525775867,0,4.617858910053258,0,2.3428999551264083,1,,,,0,0,0,0,0,0,0
4.2,29.398672542812562,80,10.834472950500741,,5.939978052894825,0,4.6133088421119695,0,2.348525390626292,1,,,,0,0,0,0,0,0,0
4.216666666666657,29.579247091987554,80,10.849266946258393,,6.181530339013489,0,4.608831353019373,0,2.3540169112828866,1,,,,0,0,0,0,0,0,0
4.233333333333324,29.760068207758536,80,10.86357298371634,,0.13966287717190173,0,4.604434996985074,0,2.3593715604259087,1,,,,0,0,0,0,0,0,0
4.25,29.941127757487152,80,10.877400966566267,,0.3807505298462359,0,4.600128374608148,0,2.364586394285754,1,,,,0,0,0,0,0,0,0
4.266666666666657,30.122417773596567,80,10.890761182695833,,0.6216126883002178,0,4.595919700042044,0,2.369658717622112,1,,,,0,0,0,0,0,0,0
4.2833333333333234,30.303930459974822,80,10.903664881681635,,0.8622544810692293,0,4.591812371,0,2.374588506842322,1,,,,0,0,0,0,0,0,0
4.3,30.48565820800286,80,10.916123856928937,,1.1026812145909282,0,4.587806717479329,0,2.3793774518309623,1,,,,0,0,0,0,0,0,0
4.316666666666657,30.667593605618322,80,10.928149957420372,,1.342898212586311,0,4.583902998356976,0,2.3840273150058775,1,,,,0,0,0,0,0,0,0
4.333333333333323,30.84972943824198,80,10.939755074254736,,1.5829108123264193,0,4.5801014494902015,0,2.3885399035151087,1,,,,0,0,0,0,0,0,0
4.35,31.032058689479584,80,10.950951134775693,,1.8227243634333257,0,4.576402284,0,2.392917067604686,1,,,,0,0,0,0,0,0,0
4.3666666666666565,31.214574541725824,80,10.96175009699428,,2.0623442267136274,0,4.572805695304496,0,2.397160699010272,1,,,,0,0,0,0,0,0,0
4.383333333333323,31.39727037667575,80,10.972163944303695,,2.3017757730246635,0,4.569311852870256,0,2.4012727293742113,1,,,,0,0,0,0,0,0,0
4.4,31.580139775747455,80,10.982204680484648,,2.5410243821736294,0,4.565920907720267,0,2.405255128689469,1,,,,0,0,0,0,0,0,0
4.416666666666656,31.763176520422178,80,10.991884324998951,,2.780095442,0,4.562632990628426,0,2.4091099037718138,1,,,,0,0,0,0,0,0,0
4.433333333333323,31.946374592505492,80,11.001214908568993,,3.0189943465894746,0,4.559448213241628,0,2.4128390967615503,1,,,,0,0,0,0,0,0,0
4.4499999999999895,32.12972817431495,80,11.01020847,,3.2577264967751915,0,4.556366668714935,0,2.4164447836559844,1,,,,0,0,0,0,0,0,0
4.466666666666656,32.31323164879893,80,11.018877047523493,,3.4962972976667954,0,4.5533884323469875,0,2.4199290728737477,1,,,,0,0,0,0,0,0,0
4.483333333333323,32.49687959959101,80,11.027232684814471,,3.7347121584668295,0,4.550513562215124,0,2.423294104,1,,,,0,0,0,0,0,0,0
4.499999999999989,32.680666811004585,80,11.03528741808579,,3.9729764914187586,0,4.547742099809688,0,2.426542045677478,1,,,,0,0,0,0,0,0,0
4.516666666666656,32.86458826797269,80,11.043053277849172,,4.211095710938477,0,4.545074070667098,0,2.429675095752255,1,,,,0,0,0,0,0,0,0
4.533333333333323,33.048639155936826,80,11.050542285183168,,4.449075232778964,0,4.542509485001191,0,2.432695478495026,1,,,,0,0,0,0,0,0,0
4.549999999999989,33.23281486068987,80,11.057766449222827,,4.686920473227992,0,4.540048338332486,0,2.4356054440786488,1,,,,0,0,0,0,0,0,0
4.566666666666656,33.41711096817693,80,11.06473776,,4.924636848,0,4.537690612114938,0,2.438407267,1,,,,0,0,0,0,0,0,0
4.583333333333322,33.60152326425873,80,11.071468210980656,,5.162229773193517,0,4.535436274,0,2.441103245915032,1,,,,0,0,0,0,0,0,0
4.599999999999989,33.78604773444175,80,11.077969748243818,,5.399704661199411,0,4.533285280256752,0,2.443695700442747,1,,,,0,0,0,0,0,0,0
4.616666666666656,33.97068056357915,80,11.084254318049986,,5.637066923417433,0,4.531237572790523,0,2.446186972099952,1,,,,0,0,0,0,0,0,0
4.633333333333322,34.155418135546654,80,11.090333841042902,,5.874321967923246,0,4.529293083355203,0,2.448579422205865,1,,,,0,0,0,0,0,0,0
4.649999999999989,34.34025703289734,80,11.096220216131648,,6.111475199200308,0,4.527451732363549,0,2.4508754310537695,1,,,,0,0,0,0,0,0,0
4.666666666666655,34.525194036499556,80,11.101925319698589,,0.06534671,0,4.525713429852542,0,2.4530773969177972,1,,,,0,0,0,0,0,0,0
4.683333333333322,34.71022612516123,80,11.107461005036305,,0.30231251144327353,0,4.5240780760845185,0,2.4551877350997326,1,,,,0,0,0,0,0,0,0
4.699999999999989,34.89535047524515,80,11.11283910200947,,0.5391926855781697,0,4.522545562143781,0,2.4572088770161007,1,,,,0,0,0,0,0,0,0
4.716666666666655,35.08056446027865,80,11.118071416937783,,0.7759926174707701,0,4.521115770528542,0,2.4591432693257533,1,,,,0,0,0,0,0,0,0
4.733333333333322,35.265865650560954,80,11.123169732696123,,1.0127176856494606,0,4.519788575738089,0,2.460993373098141,1,,,,0,0,0,0,0,0,0
4.7499999999999885,35.45125181277257,80,11.128145809028274,,1.2493732620714249,0,4.518563844855087,0,2.4627616630224156,1,,,,0,0,0,0,0,0,0
4.766666666666655,35.63672090958971,80,11.133011383070563,,1.4859647117343113,0,4.517441438122915,0,2.4644506266574973,1,,,,0,0,0,0,0,0,0
4.783333333333322,35.82227109930756,80,11.137778170082074,,1.722497392318129,0,4.516421209518024,0,2.4660627637231953,1,,,,0,0,0,0,0,0,0
4.799999999999988,36.00790073547557,80,11.14245786437813,,1.9589766538571116,0,4.515503007317256,0,2.467600585432468,1,,,,0,0,0,0,0,0,0
4.816666666666655,36.19360836654852,80,11.147062140463945,,2.195407838441287,0,4.514686674660125,0,2.4690666138648742,1,,,,0,0,0,0,0,0,0
4.8333333333333215,36.37939273555622,80,11.151602654365552,,2.431796279947487,0,4.513972050106073,0,2.4704633813812613,1,,,,0,0,0,0,0,0,0
4.849999999999988,36.56525277979563,80,11.15609105,,2.668147303799535,0,4.513358968186717,0,2.4717934300797175,1,,,,0,0,0,0,0,0,0
4.866666666666655,36.75118763,80,11.160538936669344,,2.9044662267573518,0,4.512847259953147,0,2.473059311292803,1,,,,0,0,0,0,0,0,0
4.883333333333321,36.93719661282603,80,11.164957939414942,,3.1407583567347124,0,4.512436753518329,0,2.4742635851260784,1,,,,0,0,0,0,0,0,0
4.899999999999988,37.123279245149604,80,11.169359652665406,,3.3770289926454082,0,4.512127274594702,0,2.475408820037924,1,,,,0,0,0,0,0,0,0
4.9166666666666545,37.30943523936071,80,11.173755666740892,,3.6132834242775558,0,4.511918647027059,0,2.4764975924606647,1,,,,0,0,0,0,0,0,0
4.933333333333321,37.49566450047308,80,11.178157565473489,,3.849526932195806,0,4.511810693320835,0,2.477532486462993,1,,,,0,0,0,0,0,0,0
4.949999999999988,37.68196713,80,11.182576928855259,,4.085764787671216,0,4.511803235165931,0,2.478516093453707,1,,,,0,0,0,0,0,0,0
4.966666666666654,37.868343408711894,80,11.187025335868155,,4.322002252638549,0,4.511896093956215,0,2.4794510119267645,1,,,,0,0,0,0,0,0,0
4.983333333333321,38.05479383097634,80,11.191514367495067,,4.558244579680771,0,4.512089091304877,0,2.480339847247681,1,,,,0,0,0,0,0,0,0
4.999999999999988,38.24131907,80,11.196055609911504,,4.794497012040539,0,4.512382049555785,0,2.4811852114813027,1,,,,0,0,0,0,0,0,0
5.016666666666654,38.427919997266486,80,11.200660657857702,,5.030764783658454,0,4.512774792291077,0,2.481989723,1,,,,0,0,0,0,0,0,0
5.033333333333321,38.614597674897425,80,11.205341118191265,,5.267053119237902,0,4.513267144835149,0,2.482756007699285,1,,,,0,0,0,0,0,0,0
5.049999999999987,38.80135336020061,80,11.210108613620807,,5.503367234336274,0,4.513858934755296,0,2.4834866963401296,1,,,,0,0,0,0,0,0,0
5.066666666666654,38.988188503760966,80,11.21497478662129,,5.739712335482405,0,4.514549992359214,0,2.484184427152742,1,,,,0,0,0,0,0,0,0
5.083333333333321,39.17510475020464,80,11.219951303532197,,5.976093620320064,0,4.5153401511896245,0,2.4848518445672707,1,,,,0,0,0,0,0,0,0
5.099999999999987,39.36210393859682,80,11.225049858839954,,6.212516277777337,0,4.516229248516282,0,2.485491599552375,1,,,,0,0,0,0,0,0,0
5.116666666666654,39.54918810291082,80,11.23028218,,0.16580018108218564,0,4.517217125825627,0,2.4861063497349165,1,,,,0,0,0,0,0,0,0
5.133333333,39.736359472571564,80,11.235660030325466,,0.4023211167015821,0,4.518303629308388,0,2.486698759561959,1,,,,0,0,0,0,0,0,0
5.149999999999987,39.923620473076994,80,11.241195217370622,,0.6388989415103044,0,4.519488610345425,0,2.487271500505332,1,,,,0,0,0,0,0,0,0
5.166666666666654,40.110973726699854,80,11.246898912083566,,0.8755388117810365,0,4.52077186,0,2.487827137,1,,,,0,0,0,0,0,0,0
5.183333333,40.29842204190123,80,11.252771794352581,,1.1122458728528033,0,4.522152158404501,0,2.4883664680409088,1,,,,0,0,0,0,0,0,0
5.199999999999987,40.48596823847379,80,11.258806257290923,,1.3490252061737835,0,4.523627486866568,0,2.488888903867212,1,,,,0,0,0,0,0,0,0
5.2166666666666535,40.67361500942866,80,11.264994433503182,,1.585881787512398,0,4.525195803431465,0,2.489393812519872,1,,,,0,0,0,0,0,0,0
5.233333333,40.86136491665371,80,11.271328415350984,,1.8228204857143255,0,4.526855063088964,0,2.489880559078433,1,,,,0,0,0,0,0,0,0
5.249999999999987,41.04922039024291,80,11.277800253013524,,2.059846063,0,4.528603217262405,0,2.490348505257453,1,,,,0,0,0,0,0,0,0
5.266666666666653,41.23718372779314,80,11.28440195264744,,2.296963172521671,0,4.5304382131983125,0,2.4907970093871104,1,,,,0,0,0,0,0,0,0
5.283333333,41.42525709367061,80,11.291125474647416,,2.534176362657109,0,4.532357993375865,0,2.4912254264004803,1,,,,0,0,0,0,0,0,0
5.2999999999999865,41.613442518248064,80,11.297962732009047,,2.7714900722475857,0,4.5343604949363865,0,2.491633107827601,1,,,,0,0,0,0,0,0,0
5.316666666666653,41.80174189711488,80,11.304905588795576,,3.0089086325745846,0,4.536443649133008,0,2.492019401796413,1,,,,0,0,0,0,0,0,0
5.333333333,41.99015699026148,80,11.31194586,,3.2464362666002566,0,4.538605380800694,0,2.4923836530406978,1,,,,0,0,0,0,0,0,0
5.349999999999986,42.178689421239994,80,11.319075303775806,,3.484077088631366,0,4.540843607846835,0,2.4927252029151155,1,,,,0,0,0,0,0,0,0
5.366666666666653,42.367340676302945,80,11.326285633123936,,3.7218351039565625,0,4.543156240762637,0,2.493043389417452,1,,,,0,0,0,0,0,0,0
5.3833333333333195,42.556112103521684,80,11.333568501895034,,3.959714208458071,0,4.545541182155557,0,2.4933375472181956,1,,,,0,0,0,0,0,0,0
5.399999999999986,42.74500491188661,80,11.340915510252005,,4.197718188198901,0,4.547996326303053,0,2.4936070076975496,1,,,,0,0,0,0,0,0,0
5.416666666666653,42.934020170390795,80,11.348318202509132,,4.435850718986685,0,4.550519559,0,2.4938510989899987,1,,,,0,0,0,0,0,0,0
5.433333333333319,43.12315880709929,80,11.355768066378628,,4.6741153659152905,0,4.553108755795588,0,2.4940691460365474,1,,,,0,0,0,0,0,0,0
5.449999999999986,43.312421608205625,80,11.363256532336958,,4.912515582885337,0,4.555761784333489,0,2.4942604706447375,1,,,,0,0,0,0,0,0,0
5.466666666666653,43.50180921707789,80,11.370774973113289,,5.1510547121047905,0,4.558476501273184,0,2.494424391556571,1,,,,0,0,0,0,0,0,0
5.483333333333319,43.69132213329647,80,11.37831470330232,,5.389735983570816,0,4.561250753,0,2.494560224524442,1,,,,0,0,0,0,0,0,0
5.499999999999986,43.88096071168485,80,11.385866979103904,,5.628562514534083,0,4.564082376617384,0,2.494667282395197,1,,,,0,0,0,0,0,0,0
5.516666666666652,44.070725161336554,80,11.393422998191804,,5.867537308946747,0,4.566969196506431,0,2.4947448752024357,1,,,,0,0,0,0,0,0,0
5.533333333333319,44.260615544639734,80,11.40097389971401,,6.106663256895338,0,4.569909027214024,0,2.4947923102671568,1,,,,0,0,0,0,0,0,0
5.549999999999986,44.450631776301634,80,11.408510764427016,,0.062757827,0,4.572899671636956,0,2.494808892306864,1,,,,0,0,0,0,0,0,0
5.566666666666652,44.640773622375434,80,11.416024614966478,,0.30219429374053663,0,4.575938921,0,2.494793923553228,1,,,,0,0,0,0,0,0,0
5.583333333333319,44.83104069929152,80,11.423506416256657,,0.5417898953717571,0,4.5790245552774165,0,2.4947467038784144,1,,,,0,0,0,0,0,0,0
5.599999999999985,45.02143247289581,80,11.430947076061072,,0.7815470604295371,0,4.5821543418065165,0,2.4946665309301683,1,,,,0,0,0,0,0,0,0
5.616666666666652,45.21194825749683,80,11.438337445676673,,1.0214681007267692,0,4.585326036372079,0,2.4945527002757504,1,,,,0,0,0,0,0,0,0
5.633333333333319,45.40258721492478,80,11.445668320773942,,1.2615552105631114,0,4.588537382483657,0,2.4944045055548174,1,,,,0,0,0,0,0,0,0
5.649999999999985,45.59334835360437,80,11.452930442385174,,1.501810466088658,0,4.591786111413245,0,2.4942212386413245,1,,,,0,0,0,0,0,0,0
5.666666666666652,45.78423052764413,80,11.460114498043179,,1.7422358246631828,0,4.595069942138038,0,2.494002189814527,1,,,,0,0,0,0,0,0,0
5.6833333333333185,45.97523243594486,80,11.467211123072612,,1.9828331242123851,0,4.5983865813109635,0,2.4937466479391563,1,,,,0,0,0,0,0,0,0
5.699999999999985,46.166352621329395,80,11.474210902035997,,2.223604082582592,0,4.601733723259383,0,2.493453900654833,1,,,,0,0,0,0,0,0,0
5.716666666666652,46.35758946969668,80,11.481104370336512,,2.464550296895393,0,4.60510905,0,2.4931232345747705,1,,,,0,0,0,0,0,0,0
5.733333333333318,46.54894120920227,80,11.487882015979377,,2.705673242903708,0,4.608510231357274,0,2.4927539354938197,1,,,,0,0,0,0,0,0,0
5.749999999999985,46.74040590946856,80,11.494534281493758,,2.946974274350798,0,4.611934924924976,0,2.492345288605897,1,,,,0,0,0,0,0,0,0
5.7666666666666515,46.93198148082678,80,11.501051566016791,,3.188454622333773,0,4.6153807763059405,0,2.4918965787308247,1,,,,0,0,0,0,0,0,0
5.783333333333318,47.123665673593734,80,11.50742422754136,,3.4301153946731446,0,4.618845419195711,0,2.4914070905506014,1,,,,0,0,0,0,0,0,0
5.799999999999985,47.31545608,80,11.513642585328979,,3.6719575752900133,0,4.622326475571274,0,2.4908761088551206,1,,,,0,0,0,0,0,0,0
5.816666666666651,47.50735012047494,80,11.51969692248912,,3.913982023592485,0,4.625821555898285,0,2.490302918797333,1,,,,0,0,0,0,0,0,0
5.833333333333318,47.699345069183096,80,11.525577488725999,,4.156189473872941,0,4.6293282593695455,0,2.4896868061578403,1,,,,0,0,0,0,0,0,0
5.8499999999999845,47.89143802732855,80,11.531274503253815,,4.398580534717791,0,4.632844174175056,0,2.4890270576189026,1,,,,0,0,0,0,0,0,0
5.866666666666651,48.08362594,80,11.53677815788111,,4.641155688431368,0,4.636366878,0,2.4883229610478144,1,,,,0,0,0,0,0,0,0
5.883333333333318,48.27590557168077,80,11.54207862,,4.883915290475634,0,4.639893937378505,0,2.4875738057896126,1,,,,0,0,0,0,0,0,0
5.899999999999984,48.468273548685204,80,11.547166037334147,,5.126859569,0,4.643422910020705,0,2.486778882969042,1,,,,0,0,0,0,0,0,0
5.916666666666651,48.66072632,80,11.55203054,,5.369988623954563,0,4.646951343251215,0,2.4859374858017094,1,,,,0,0,0,0,0,0,0
5.933333333333318,48.85326015828883,80,11.556662241342678,,5.613302427313683,0,4.650476775421326,0,2.485048909914331,1,,,,0,0,0,0,0,0,0
5.949999999999984,49.045871195644565,80,11.56105125169728,,5.856800821869577,0,4.653996736177805,0,2.484112453673967,1,,,,0,0,0,0,0,0,0
5.966666666666651,49.238555383172866,80,11.565187671603802,,6.100483521139695,0,4.657508746960877,0,2.483127418526123,1,,,,0,0,0,0,0,0,0
5.983333333333317,49.43130851103291,80,11.569061601652969,,0.061164802,0,4.661010321535393,0,2.4820931093415775,1,,,,0,0,0,0,0,0,0
5.999999999999984,49.624126204393804,80,11.572663145807454,,0.3052147314255135,0,4.664498966555276,0,2.481008834771775,1,,,,0,0,0,0,0,0,0
6.016666666666651,49.817003923490574,80,11.57598241600323,,0.5494473261923007,0,4.6679721821612405,0,2.4798739076126255,1,,,,0,0,0,0,0,0,0
6.033333333333317,50.00993696,80,11.579009537286591,,0.7938617781029552,0,4.6714274626419705,0,2.478687645240235,1,,,,0,0,0,0,0,0,0
6.049999999999984,50.20292045604543,80,11.581737826513669,,1.0384571480765157,0,4.674862553879943,0,2.4774499128110845,1,,,,0,0,0,0,0,0,0
6.066666667,50.39594941982068,80,11.584171527323047,,1.283232379006703,0,4.678276079420659,0,2.4761624433155704,1,,,,0,0,0,0,0,0,0
6.083333333333317,50.58901894527605,80,11.586317292388749,,1.5281863417162498,0,4.681666853258568,0,2.4748273757079398,1,,,,0,0,0,0,0,0,0
6.099999999999984,50.782124233482534,80,11.588181854873689,,1.7733178449287825,0,4.685033692331399,0,2.473446855641949,1,,,,0,0,0,0,0,0,0
6.116666667,50.975260597730426,80,11.589772025980622,,2.018625635422932,0,4.688375416744448,0,2.472023034799637,1,,,,0,0,0,0,0,0,0
6.133333333333317,51.168423464830084,80,11.591094692480999,,2.264108398198188,0,4.691690849983779,0,2.4705580702362506,1,,,,0,0,0,0,0,0,0
6.1499999999999835,51.36160837637141,80,11.592156814224369,,2.509764756651913,0,4.694978819118204,0,2.469054123741834,1,,,,0,0,0,0,0,0,0
6.166666667,51.554810989941814,80,11.592965421630918,,2.7555932727669368,0,4.6982381549898635,0,2.4675133612199636,1,,,,0,0,0,0,0,0,0
6.183333333333317,51.748027080302336,80,11.593527613169746,,3.001592447309127,0,4.701467692393268,0,2.465937952084085,1,,,,0,0,0,0,0,0,0
6.199999999999983,51.941252540521816,80,11.593850552825506,,3.247760720034335,0,4.7046662702426785,0,2.4643300686718987,1,,,,0,0,0,0,0,0,0
6.216666667,52.134483383068925,80,11.593941467556043,,3.494096469904103,0,4.707832731727691,0,2.4626918856782054,1,,,,0,0,0,0,0,0,0
6.2333333333333165,52.32771574086155,80,11.59380764474366,,3.740598015309524,0,4.710965924456928,0,2.4610255796066225,1,,,,0,0,0,0,0,0,0
6.249999999999983,52.52094586827394,80,11.593456429642542,,3.987263614,0,4.714064700589729,0,2.459333328240531,1,,,,0,0,0,0,0,0,0
6.266666667,52.714170142101295,80,11.592895222825055,,4.234091464834615,0,4.717127917,0,2.457617310133627,1,,,,0,0,0,0,0,0,0
6.283333333333316,52.907385062481694,80,11.592131477629357,,4.481079705000473,0,4.720154435162462,0,2.4558797041203952,1,,,,0,0,0,0,0,0,0
6.299999999999983,53.10058725377553,80,11.591172697610954,,4.728226413289068,0,4.7231431216902715,0,2.4541226888468333,1,,,,0,0,0,0,0,0,0
6.3166666666666496,53.29377346540235,80,11.590026434000643,,4.975529608838324,0,4.726092847975569,0,2.452348442321706,1,,,,0,0,0,0,0,0,0
6.333333333333316,53.48694057263572,80,11.588700283171342,,5.222987251694712,0,4.7290024904812915,0,2.450559141488612,1,,,,0,0,0,0,0,0,0
6.349999999999983,53.680085577355214,80,11.587201884116231,,5.470597243076443,0,4.731870930755195,0,2.4487569618191047,1,,,,0,0,0,0,0,0,0
6.366666666666649,53.87320560875713,80,11.585538915940548,,5.718357425639703,0,4.734697055475734,0,2.446944076927104,1,,,,0,0,0,0,0,0,0
6.383333333333316,54.06629792402282,80,11.58371909536939,,5.966265583747299,0,4.737479756485533,0,2.445122658204811,1,,,,0,0,0,0,0,0,0
6.399999999999983,54.25935990894567,80,11.581750174273747,,6.214319443739054,0,4.740217930812469,0,2.443294874480306,1,,,,0,0,0,0,0,0,0
6.416666666666649,54.45238907851689,80,11.57963993721701,,0.17933136702371932,0,4.742910480678343,0,2.441462891697012,1,,,,0,0,0,0,0,0,0
6.433333333333316,54.64538307747051,80,11.577396199024031,,0.4276695790692713,0,4.745556313495165,0,2.4396288726151742,1,,,,0,0,0,0,0,0,0
6.449999999999982,54.838339680787556,80,11.575026802374818,,0.6761463265971558,0,4.748154341849081,0,2.4377949765354803,1,,,,0,0,0,0,0,0,0
6.466666666666649,55.03125679416047,80,11.572539615424866,,0.9247591065715484,0,4.750703483471953,0,2.4359633590449463,1,,,,0,0,0,0,0,0,0
6.483333333333316,55.22413245441754,80,11.569942529453975,,1.173505359289197,0,4.753202661,0,2.434136171785163,1,,,,0,0,0,0,0,0,0
6.499999999999982,55.416964829908466,80,11.56724345654542,,1.4223824686467201,0,4.7556508029240225,0,2.4323155622429793,1,,,,0,0,0,0,0,0,0
6.516666666666649,55.60975222085091,80,11.56445032729717,,1.6713877624051285,0,4.758046841517821,0,2.4305036735636887,1,,,,0,0,0,0,0,0,0
6.5333333333333155,55.802493059639175,80,11.561571088566827,,1.920518512450937,0,4.760389714767265,0,2.428702644386768,1,,,,0,0,0,0,0,0,0
6.549999999999982,55.99518591,80,11.558613701251797,,2.1697719350532245,0,4.762678365277676,0,2.4269146087041933,1,,,,0,0,0,0,0,0,0
6.566666666666649,56.18782947280283,80,11.55558613810618,,2.4191451911160144,0,4.764911740373041,0,2.425141695741358,1,,,,0,0,0,0,0,0,0
6.583333333333315,56.38042258,80,11.55249638159569,,2.668635386425343,0,4.767088791982637,0,2.423386029860584,1,,,,0,0,0,0,0,0,0
6.599999999999982,56.572964181464556,80,11.549352421791914,,2.9182395718903913,0,4.769208477,0,2.421649730487228,1,,,,0,0,0,0,0,0,0
6.6166666666666485,56.76545338849439,80,11.546162254306976,,3.1679547437780617,0,4.771269754724966,0,2.4199349120583395,1,,,,0,0,0,0,0,0,0
6.633333333333315,56.957889426066174,80,11.542933878269727,,3.4177778439403808,0,4.7732715915568935,0,2.4182436839938495,1,,,,0,0,0,0,0,0,0
6.649999999999982,57.150271657370695,80,11.539675294344338,,3.667705760034114,0,4.775212955992483,0,2.416578150690229,1,,,,0,0,0,0,0,0,0
6.666666666666648,57.34259957894312,80,11.536394502792133,,3.917735325731994,0,4.777092820874966,0,2.414940411536559,1,,,,0,0,0,0,0,0,0
6.683333333333315,57.53487282065635,80,11.533099501577388,,4.167863320924949,0,4.778910162726752,0,2.413332560952941,1,,,,0,0,0,0,0,0,0
6.6999999999999815,57.727091145682664,80,11.529798284517675,,4.418086471914749,0,4.780663961554988,0,2.4117566884511628,1,,,,0,0,0,0,0,0,0
6.716666666666648,57.91925445,80,11.526498839479219,,4.668401451596459,0,4.782353201,0,2.4102148787175297,1,,,,0,0,0,0,0,0,0
6.733333333333315,58.11136276,80,11.523209146617683,,4.918804879630141,0,4.783976866348241,0,2.4087092117177624,1,,,,0,0,0,0,0,0,0
6.749999999999981,58.30341625019287,80,11.51993717666458,,5.1692933226011935,0,4.785533947845333,0,2.4072417628238507,1,,,,0,0,0,0,0,0,0
6.766666666666648,58.49541520313727,80,11.516690889259458,,5.419863294168785,0,4.787023436916847,0,2.4058146029627445,1,,,,0,0,0,0,0,0,0
6.783333333333315,58.68736005129159,80,11.513478231327868,,5.670511255201787,0,4.788444327689402,0,2.4044297987867678,1,,,,0,0,0,0,0,0,0
6.799999999999981,58.87925135514706,80,11.510307135505036,,5.921233613901666,0,4.789795616376713,0,2.403089413,1,,,,0,0,0,0,0,0,0
6.816666666666648,59.071089807405485,80,11.507185518604933,,6.172026725911761,0,4.791076301,0,2.4017955038998315,1,,,,0,0,0,0,0,0,0
6.833333333333314,59.26287623271554,80,11.504121280134497,,0.13970158723281845,0,4.792285381153202,0,2.400550127,1,,,,0,0,0,0,0,0,0
6.849999999999981,59.45461158738448,80,11.501122300852407,,0.3906250630217628,0,4.793421857619893,0,2.399355333720435,1,,,,0,0,0,0,0,0,0
6.866666666666648,59.64629695906535,80,11.498196441371933,,0.6416080445793527,0,4.794484732164044,0,2.398213172780737,1,,,,0,0,0,0,0,0,0
6.883333333333314,59.837933566421555,80,11.495351540807048,,0.8926466781179359,0,4.795473007172713,0,2.397125689919045,1,,,,0,0,0,0,0,0,0
6.899999999999981,60.02952275876834,80,11.49259541209664,,1.1437370576149684,0,4.796385686185451,0,2.396094927311123,1,,,,0,0,0,0,0,0,0
6.916666666666647,60.22106601563661,80,11.489934444347009,,1.3948752248733591,0,4.797222122641731,0,2.395122458498907,1,,,,0,0,0,0,0,0,0
6.933333333333314,60.412564923042396,80,11.487371444079267,,1.6460571878421875,0,4.7979825577835085,0,2.3942086711932546,1,,,,0,0,0,0,0,0,0
6.949999999999981,60.60402111377704,80,11.48490863401276,,1.8972789671019314,0,4.798667369243273,0,2.3933537689285336,1,,,,0,0,0,0,0,0,0
6.966666666666647,60.79543625767724,80,11.48254820978122,,2.1485366030058604,0,4.799276931751392,0,2.392557956765148,1,,,,0,0,0,0,0,0,0
6.983333333333314,60.986812061173566,80,11.480292340292001,,2.3998261555280793,0,4.799811617091616,0,2.3918214413690544,1,,,,0,0,0,0,0,0,0
6.9999999999999805,61.17815026684508,80,11.47814316808684,,2.6511437041092454,0,4.800271794058527,0,2.391144431091123,1,,,,0,0,0,0,0,0,0
7.016666666666647,61.369452652979874,80,11.476102809703939,,2.902485347500055,0,4.800657828416901,0,2.390527136046349,1,,,,0,0,0,0,0,0,0
7.033333333333314,61.56072103314159,80,11.474173356041081,,3.1538472036026026,0,4.8009700828629285,0,2.389969768192925,1,,,,0,0,0,0,0,0,0
7.05,61.75195726,80,11.47235687,,3.405225409309712,0,4.801208916987283,0,2.389472541411175,1,,,,0,0,0,0,0,0,0
7.066666666666647,61.94316320362094,80,11.47065540044889,,3.6566161203423295,0,4.801374687239975,0,2.3890356715823584,1,,,,0,0,0,0,0,0,0
7.0833333333333135,62.13434079362844,80,11.469070955391304,,3.908015511085081,0,4.801467746896973,0,2.388659376667349,1,,,,0,0,0,0,0,0,0
7.1,62.32549198,80,11.467605529527203,,4.159419774420079,0,4.801488446028561,0,2.388343876785201,1,,,,0,0,0,0,0,0,0
7.116666666666647,62.51661873504378,80,11.466261091019916,,4.410825121559072,0,4.801437131469378,0,2.388089394291603,1,,,,0,0,0,0,0,0,0
7.133333333333313,62.707723086560804,80,11.465039584580456,,4.662227781874029,0,4.801314146790126,0,2.387896153857231,1,,,,0,0,0,0,0,0,0
7.15,62.89880707963715,80,11.463942931831742,,4.913624002726239,0,4.801119832270907,0,2.3877643825460093,1,,,,0,0,0,0,0,0,0
7.1666666666666465,63.08987279516771,80,11.46297303167221,,5.165010049294015,0,4.800854524876144,0,2.3876943098932872,1,,,,0,0,0,0,0,0,0
7.183333333333313,63.28092234569556,80,11.46213176063853,,5.416382204399085,0,4.800518558231077,0,2.387686167983936,1,,,,0,0,0,0,0,0,0
7.2,63.47195787503955,80,11.461420973267353,,5.667736768331755,0,4.800112262599783,0,2.3877401915303844,1,,,,0,0,0,0,0,0,0
7.216666666666646,63.66298155792737,80,11.460842502455845,,5.919070058674918,0,4.799635964864697,0,2.3878566179505927,1,,,,0,0,0,0,0,0,0
7.233333333333313,63.85399559963497,80,11.460398159820862,,6.17037841,0,4.799089989,0,2.388035687445979,1,,,,0,0,0,0,0,0,0
7.25,64.04500223563201,80,11.460089736056636,,0.13847286714426676,0,4.7984746535920495,0,2.3882776430793116,1,,,,0,0,0,0,0,0,0
7.266666666666646,64.23600373123298,80,11.459919001290759,,0.3897204124802936,0,4.797790276747215,0,2.3885827308525673,1,,,,0,0,0,0,0,0,0
7.283333333333313,64.42700238125451,80,11.459887705438373,,0.6409321239285202,0,4.797037171,0,2.388951199784777,1,,,,0,0,0,0,0,0,0
7.299999999999979,64.61800051,80,11.459997578554386,,0.8921044028600492,0,4.796215646527102,0,2.3893833019898656,1,,,,0,0,0,0,0,0,0
7.316666666666646,64.80900046932106,80,11.460250331183595,,1.1432336668627485,0,4.795326009111915,0,2.389879293,1,,,,0,0,0,0,0,0,0
7.333333333333313,65.00000464150747,80,11.460647654708575,,1.394316349559316,0,4.794368561664715,0,2.3904394306159005,1,,,,0,0,0,0,0,0,0
7.349999999999979,65.19101544,80,11.461191221695193,,1.6453489004247783,0,4.793343603447617,0,2.391063977439823,1,,,,0,0,0,0,0,0,0
7.366666666666646,65.38203528944751,80,11.461882686235649,,1.8963277846034894,0,4.792251430219382,0,2.3917531984983813,1,,,,0,0,0,0,0,0,0
7.383333333333312,65.57306666755142,80,11.462723684288921,,2.147249482725696,0,4.791092334228332,0,2.392507362548074,1,,,,0,0,0,0,0,0,0
7.399999999999979,65.76411206228954,80,11.463715834018466,,2.398110490723731,0,4.789866604206469,0,2.393326741907804,1,,,,0,0,0,0,0,0,0
7.416666666666646,65.95517399285654,80.08891598958331,11.464860736127116,5.3349593749999995,2.6489073196478996,0.20426897233028635,4.788574525364752,0,2.3942116125369943,1,,2.305704638,5.60661889,1,0,0,0,0,0,0
7.433333333333312,66.14625500512534,80.17783197916663,11.466159974189024,5.3349593749999995,2.8996364954821185,0.4085379446605727,4.787216379389527,0,2.3951622541137794,1,,2.28855291,5.589952224,1,0,0,0,0,0,0
7.449999999999979,66.33735767136181,80.26674796874994,11.467615114978585,5.3349593749999995,3.1502945589593665,0.612806917,4.785792444440071,0,2.3961789501133026,1,,2.271347176,5.573285557,1,0,0,0,0,0,0
7.4666666666666455,66.52848458994481,80.35566395833325,11.469227708796216,5.3349593749999995,3.4008780653770074,0.8170758893211454,4.784302995147241,0,2.3972619878861248,1,,2.254087793,5.55661889,1,0,0,0,0,0,0
7.483333333333312,66.71963839,80.44457994791657,11.47099928979092,5.3349593749999995,3.651383584412044,1.0213448616514318,4.782748302613199,0,2.3984116587367543,1,,2.236775144,5.539952224,1,0,0,0,0,0,0
7.499999999999979,66.91082170658791,80.53349593749988,11.472931376279506,5.3349593749999995,3.9018076999363553,1.2256138339817182,4.781128634412184,0,2.399628258002317,1,,2.21940964,5.523285557,1,0,0,0,0,0,0
7.516666666666645,67.10203722952588,80.62241192708319,11.475025471062459,5.3349593749999995,4.152147009831974,1.4298828063120046,4.779444254592331,0,2.4009120851313783,1,,2.201991719,5.50661889,1,0,0,0,0,0,0
7.533333333333312,67.29328765404358,80.71132792,11.477283061736266,5.3349593749999995,4.402398126,1.634151778642291,4.777695423678494,0,2.402263443762925,1,,2.184521843,5.489952224,1,0,0,0,0,0,0
7.5499999999999785,67.48457570507253,80.80024390624982,11.47970562100221,5.3349593749999995,4.652557673208426,1.8384207509725774,4.775882398676067,0,2.403682641805528,1,,2.167000502,5.473285557,1,0,0,0,0,0,0
7.566666666666645,67.67590413208922,80.88915989583313,11.482294606971532,5.3349593749999995,4.902622290843251,2.0426897233028636,4.774005433075781,0,2.405169991516695,1,,2.14942821,5.45661889,1,0,0,0,0,0,0
7.583333333333312,67.86727570887206,80.97807588541644,11.48505146346686,5.3349593749999995,5.152588630789062,2.246958696,4.772064776859458,0,2.406725809582426,1,,2.131805506,5.439952224,1,0,0,0,0,0,0
7.599999999999978,68.05869323326317,81.06699187499976,11.487977620319855,5.3349593749999995,5.402453358,2.4512276679634364,4.770060676506698,0,2.4083504171969885,1,,2.114132954,5.423285557,1,0,0,0,0,0,0
7.616666666666645,68.25015952693519,81.15590786458307,11.491074493665042,5.3349593749999995,5.652213151,2.655496640293723,4.767993375002494,0,2.410044140142924,1,,2.096411144,5.40661889,1,0,0,0,0,0,0
7.6333333333333115,68.44167743516294,81.24482385416638,11.49434348622969,5.3349593749999995,5.901864700509061,2.859765612624009,4.765863111845749,0,2.411807308871299,1,,2.078640687,5.389952224,1,0,0,0,0,0,0
7.649999999999978,68.63324982660009,81.33373984,11.497785987619746,5.3349593749999995,6.151404709512215,3.0640345849542956,4.7636701230586835,0,2.413640258582218,1,,2.060822219,5.373285557,1,0,0,0,0,0,0
7.666666666666645,68.82487959306042,81.42265583333301,11.50140337460173,5.3349593749999995,0.11764458671140066,3.268303557284582,4.761414641,0,2.4155433293056072,1,,2.042956401,5.35661889,1,0,0,0,0,0,0
7.683333333333311,69.01656964930379,81.51157182291632,11.505197011380545,5.3349593749999995,0.3669516743360627,3.4725725296148684,4.759096895361569,0,2.4175168659822894,1,,2.025043914,5.339952224,1,0,0,0,0,0,0
7.699999999999978,69.20832293282677,81.60048781249964,11.509168249873154,5.3349593749999995,0.616137405,3.676841501945155,4.756717111209312,0,2.419561218545357,1,,2.007085463,5.323285557,1,0,0,0,0,0,0
7.716666666666645,69.40014240365798,81.68940380208295,11.513318429978062,5.3349593749999995,0.8651985306022283,3.881110474275441,4.754275510967103,0,2.421676742001864,1,,1.989081775,5.30661889,1,0,0,0,0,0,0
7.733333333333311,69.59203104415764,81.77831979166626,11.517648879840579,5.3349593749999995,1.1141318142421635,4.085379446605727,4.751772313444849,0,2.423863796514849,1,,1.971033599,5.289952224,1,0,0,0,0,0,0
7.749999999999978,69.78399185882165,81.86723578124958,11.522160916113773,5.3349593749999995,1.3629340307663254,4.289648418936014,4.749207734050024,0,2.4261227474856986,1,,1.952941704,5.273285557,1,0,0,0,0,0,0
7.766666666666644,69.97602787409022,81.95615177083289,11.526855844215127,5.3349593749999995,1.6116019662273817,4.493917391,4.746581984802888,0,2.428453965636876,1,,1.934806881,5.25661889,1,0,0,0,0,0,0
7.783333333333311,70.16814213816048,82.04506776,11.53173328835002,5.3349593749999995,1.8601324177793552,4.698186363596586,4.7438954511721825,0,2.430857384409813,1,,1.916630458,5.239952224,1,0,0,0,0,0,0
7.799999999999978,70.36033769296631,82.13398374999952,11.536783119434986,5.3349593749999995,2.1085222027593646,4.902455335926873,4.7411495487196085,0,2.4333303560421546,1,,1.898416747,5.223285557,1,0,0,0,0,0,0
7.816666666666644,70.55261741162354,82.22289973958283,11.541991685535299,5.3349593749999995,2.356768212623166,5.106724308257159,4.7383460694601505,0,2.4358692920144396,1,,1.880171029,5.20661889,1,0,0,0,0,0,0
7.833333333333311,70.74498393971578,82.31181572916614,11.547345334724849,5.3349593749999995,2.6048674326562007,5.310993280587446,4.735486810946982,0,2.438470593568322,1,,1.86189845,5.189952224,1,0,0,0,0,0,0
7.849999999999977,70.93743969529453,82.40073171874946,11.55283042054103,5.3349593749999995,2.852816942263574,5.515262252917732,4.732573576352062,0,2.441130652097779,1,,1.843604015,5.173285557,1,0,0,0,0,0,0
7.866666666666644,71.12998687,82.48964770833277,11.558433302729338,5.3349593749999995,3.1006139152642542,5.719531225248018,4.729608175024868,0,2.443845848323062,1,,1.825292589,5.15661889,1,0,0,0,0,0,0
7.883333333333311,71.32262742,82.57856369791608,11.564140348119334,5.3349593749999995,3.348255620214527,5.923800197578305,4.726592423017845,0,2.4466125515294244,1,,1.806968897,5.139952224,1,0,0,0,0,0,0
7.899999999999977,71.51536309648435,82.66747969,11.569937931630395,5.3349593749999995,3.595739420758961,6.128069169908591,4.723528143578464,0,2.4494271188707706,1,,1.788637521,5.123285557,1,0,0,0,0,0,0
7.916666666666644,71.70819539534483,82.75639567708271,11.575812437405672,5.3349593749999995,3.843062776,0.049152835059291355,4.720417167607767,0,2.452285894738433,1,,1.770302901,5.10661889,1,0,0,0,0,0,0
7.9333333333333105,71.90112560263492,82.84531166666602,11.581750260072136,5.3349593749999995,4.090223240934402,0.2534218073895777,4.7172613340852925,0,2.4551852101952525,1,,1.751969334,5.089952224,1,0,0,0,0,0,0
7.949999999999977,72.09415477363615,82.93422765624933,11.587737806124467,5.3349593749999995,4.337218466804828,0.45769077971986405,4.714062490460227,0,2.4581213824751766,1,,1.733640973,5.073285557,1,0,0,0,0,0,0
7.966666666666644,72.28728373707156,83.02314364583265,11.593761495430158,5.3349593749999995,4.584046201614712,0.6619597520501503,4.710822493008672,0,2.4610907145485634,1,,1.71532183,5.05661889,1,0,0,0,0,0,0
7.983333333,72.48051309532872,83.11205963541596,11.599807762853004,5.3349593749999995,4.830704290554739,0.8662287243804367,4.707543207,0,2.4640894947534013,1,,1.697015775,5.039952224,1,0,0,0,0,0,0
7.999999999999977,72.67384322470963,83.20097562499927,11.605863059991863,5.3349593749999995,5.077190676489082,1.0704976967107231,4.7042265077703185,0,2.467113996492644,1,,1.678726533,5.023285557,1,0,0,0,0,0,0
8.016666666666644,72.86727427570952,83.28989161458259,11.611913857031286,5.3349593749999995,5.323503400449642,1.2747666690410095,4.700874279408432,0,2.4701604779978403,1,,1.66045769,5.00661889,1,0,0,0,0,0,0
8.033333333333312,73.06080617332668,83.3788076,11.61794664470043,5.3349593749999995,5.569640602143621,1.479035641371296,4.697488416544975,0,2.4732251821592537,1,,1.642212691,4.989952224,1,0,0,0,0,0,0
8.05,73.25443861740501,83.46772359374921,11.623947936336377,5.3349593749999995,5.815600520472635,1.6833046137015824,4.694070824,0,2.4763043364226234,1,,1.623994841,4.973285557,1,0,0,0,0,0,0
8.066666666666647,73.44817108,83.55663958333253,11.629904270047795,5.3349593749999995,6.061381494061552,1.8875735860318688,4.690623415859781,0,2.4793941527527337,1,,1.605807306,4.95661889,1,0,0,0,0,0,0
8.083333333333314,73.64200282084471,83.64555557291584,11.635802210974651,5.3349593749999995,0.023796654615654944,2.091842558362155,4.687148118055387,0,2.482490827663909,1,,1.587653114,4.939952224,1,0,0,0,0,0,0
8.099999999999982,73.83593285769427,83.73447156249915,11.641628353639463,5.3349593749999995,0.2692151561818221,2.2961115306924413,4.683646865981747,0,2.4855905423175497,1,,1.56953516,4.923285557,1,0,0,0,0,0,0
8.116666667,74.02996,83.82338755208247,11.647369324385448,5.3349593749999995,0.5144503326181074,2.5003805030227277,4.680121606,0,2.4886894626867964,1,,1.5514562,4.90661889,1,0,0,0,0,0,0
8.133333333333317,74.22408282,83.91230354166578,11.653011783896662,5.3349593749999995,0.7595009268616091,2.704649475353014,4.676574294078343,0,2.491783739788364,1,,1.53341886,4.889952224,1,0,0,0,0,0,0
8.149999999999984,74.41829968205963,84.00121953124909,11.658542429795151,5.3349593749999995,1.004365784298999,2.9089184476833005,4.673006898016559,0,2.4948695099815876,1,,1.515425632,4.873285557,1,0,0,0,0,0,0
8.166666666666652,74.61260872255622,84.09013552,11.66394799930996,5.3349593749999995,1.2490438533153865,3.113187420013587,4.669421395138543,0,2.497942895334656,1,,1.49747888,4.85661889,1,0,0,0,0,0,0
8.183333333,74.80700785587806,84.17905151041572,11.669215272012655,5.3349593749999995,1.4935341858400906,3.3174563923438734,4.6658197733221884,0,2.5010000040579925,1,,1.479580839,4.839952224,1,0,0,0,0,0,0
8.199999999999987,75.00149477707828,84.26796749999903,11.674331072614025,5.3349593749999995,1.7378359378874735,3.5217253646741598,4.662204030644985,0,2.5040369310047033,1,,1.461733617,4.823285557,1,0,0,0,0,0,0
8.216666666666654,75.19606696162185,84.35688348958234,11.679282273816403,5.3349593749999995,1.9819483700909903,3.725994337004446,4.658576175219199,0,2.5070497582379576,1,,1.4439392,4.80661889,1,0,0,0,0,0,0
8.233333333333322,75.39072166618547,84.44579947916566,11.68405579921607,5.3349593749999995,2.2258708482286083,3.9302633093347326,4.654938224991846,0,2.510034555665137,1,,1.426199448,4.789952224,1,0,0,0,0,0,0
8.25,75.58545592950571,84.53471546874897,11.688638626250091,5.3349593749999995,2.469602843737753,4.1345322816650185,4.651292208,0,2.512987381738539,1,,1.408516103,4.773285557,1,0,0,0,0,0,0
8.266666666666657,75.78026657327655,84.62363145833228,11.693017789181916,5.3349593749999995,2.713143934,4.338801253995305,4.647640159647834,0,2.5159042842223682,1,,1.390890789,4.75661889,1,0,0,0,0,0,0
8.283333333333324,75.97515020309623,84.71254745,11.697180382120047,5.3349593749999995,2.9564938039192485,4.543070226325591,4.643984127306597,0,2.518781301025708,1,,1.373325013,4.739952224,1,0,0,0,0,0,0
8.299999999999992,76.17010320946491,84.80146343749891,11.701113562064082,5.3349593749999995,3.1996522442148154,4.747339198655878,4.640326165069106,0,2.521614461101103,1,,1.355820166,4.723285557,1,0,0,0,0,0,0
8.316666667,76.36512176883264,84.89037942708222,11.704804551972472,5.3349593749999995,3.442619154055509,4.951608170986164,4.636668335827452,0,2.5243997854083413,1,,1.338377531,4.70661889,1,0,0,0,0,0,0
8.333333333333327,76.56020184469884,84.97929541666554,11.708240643846372,5.3349593749999995,3.6853945404049746,5.1558771433164505,4.633012710372974,0,2.527133287942959,1,,1.320998277,4.689952224,1,0,0,0,0,0,0
8.349999999999994,76.75533918876295,85.06821140624885,11.711409201824033,5.3349593749999995,3.927978518653239,5.360146115646737,4.629361366952397,0,2.529810976828947,1,,1.303683467,4.673285557,1,0,0,0,0,0,0
8.366666666666662,76.95052934212669,85.15712739583216,11.714297665280249,5.3349593749999995,4.170371313007073,5.564415087977023,4.625716390789873,0,2.5324288554750654,1,,1.28643406,4.65661889,1,0,0,0,0,0,0
8.383333333,77.14576763654804,85.24604338541548,11.716893551925518,5.3349593749999995,4.412573256855329,5.76868406,4.622079873575148,0,2.5349829237941273,1,,1.269250908,4.639952224,1,0,0,0,0,0,0
8.399999999999997,77.34104919574679,85.33495937499879,11.719184460899735,5.3349593749999995,4.654584793107478,5.972953032637596,4.618453912918187,0,2.5374691794845528,1,,1.252134765,4.623285557,1,0,0,0,0,0,0
8.416666666666664,77.53636893676179,85.42387536,11.721158075855266,5.3349593749999995,4.896406474503592,6.1772220049678825,4.614840611770568,0,2.5398836193734176,1,,1.235086285,4.60661889,1,0,0,0,0,0,0
8.433333333333332,77.73172157,85.51279135416542,11.722802168024625,5.3349593749999995,5.138038963894029,0.09830567,4.611242077814002,0,2.542222240820182,1,,1.218106023,4.589952224,1,0,0,0,0,0,0
8.45,77.92710160749317,85.60170734374873,11.724104599268006,5.3349593749999995,5.379483034487106,0.30257464244886906,4.607660422816379,0,2.544481043180214,1,,1.201194443,4.573285557,1,0,0,0,0,0,0
8.466666666666667,78.12250335081433,85.69062333333204,11.725053325096233,5.3349593749999995,5.620739570063046,0.5068436147791554,4.604097762,0,2.546656029327141,1,,1.184351911,4.55661889,1,0,0,0,0,0,0
8.483333333333334,78.31792090623259,85.77953932291535,11.725636397664962,5.3349593749999995,5.861809565152536,0.7111125871094417,4.6005562131127675,0,2.548743207233048,1,,1.167578707,4.539952224,1,0,0,0,0,0,0
8.500000000000002,78.51334817952699,85.86845531249867,11.72584196873614,5.3349593749999995,6.102694125178235,0.9153815594397281,4.597037896131873,0,2.550738591605416,1,,1.15087502,4.523285557,1,0,0,0,0,0,0
8.516666667,78.70877887900593,85.95737130208198,11.725658292603137,5.3349593749999995,0.060209159378011634,1.1196505317700145,4.5935449320520965,0,2.552638205579689,1,,1.134240952,4.50661889,1,0,0,0,0,0,0
8.533333333333337,78.90420651721598,86.04628729,11.725073728976186,5.3349593749999995,0.3007266095858365,1.323919504100301,4.590079442307676,0,2.5544380824662527,1,,1.11767652,4.489952224,1,0,0,0,0,0,0
8.550000000000004,79.09962441269892,86.13520328124861,11.724076745825146,5.3349593749999995,0.5410626071749587,1.5281884764305873,4.586643547899299,0,2.556134267550575,1,,1.101181659,4.473285557,1,0,0,0,0,0,0
8.566666666666672,79.29502569179601,86.22411927083192,11.722655922176926,5.3349593749999995,0.7812187017535497,1.7324574487608737,4.583239368536509,0,2.5577228199451714,1,,1.084756223,4.45661889,1,0,0,0,0,0,0
8.583333333,79.49040329049899,86.31303526041523,11.720799950865343,5.3349593749999995,1.0211965539175134,1.936726421,4.5798690217519535,0,2.5591998144920187,1,,1.068399984,4.439952224,1,0,0,0,0,0,0
8.600000000000007,79.68574995634674,86.40195124999855,11.718497641231435,5.3349593749999995,1.2609979351365035,2.1409953934214463,4.5765346219881495,0,2.560561344,1,,1.052112639,4.423285557,1,0,0,0,0,0,0
8.616666666666674,79.88105825036729,86.49086723958186,11.715737921772849,5.3349593749999995,1.5006247275921254,2.3452643657517327,4.573238279657493,0,2.561803519813598,1,,1.035893808,4.40661889,1,0,0,0,0,0,0
8.633333333333342,80.07632055,86.57978322916517,11.712510094696961,5.3349593749999995,1.7400789239669188,2.549533338082019,4.569982076731998,0,2.5629225449988193,1,,1.019742996,4.389952224,1,0,0,0,0,0,0
8.65,80.27152905064179,86.66869921874849,11.708813913820107,5.3349593749999995,1.9793626259552233,2.7538023104123055,4.566767127154789,0,2.5639174470266872,1,,1.003658011,4.373285557,1,0,0,0,0,0,0
8.666666666666677,80.46667594920547,86.75761521,11.704662919992773,5.3349593749999995,2.218477993577304,2.958071282742592,4.563593257439039,0,2.5647910012385946,1,,0.987634544,4.35661889,1,0,0,0,0,0,0
8.683333333333344,80.66175366453871,86.84653119791511,11.700071581333122,5.3349593749999995,2.4574271777696772,3.1623402550728783,4.560460196030736,0,2.565546255949444,1,,0.971668265,4.339952224,1,0,0,0,0,0,0
8.700000000000012,80.85675485756093,86.93544718749843,11.695054332009748,5.3349593749999995,2.696212315250324,3.3666092274031647,4.557367662177254,0,2.5661862721917217,1,,0.955754965,4.323285557,1,0,0,0,0,0,0
8.716666667,81.05167242976108,87.02436317708174,11.689625566182682,5.3349593749999995,2.9348355280370533,3.570878199733451,4.554315366318399,0,2.566714121870814,1,,0.939890557,4.30661889,1,0,0,0,0,0,0
8.733333333333347,81.24649952253077,87.11327916666505,11.683799632235706,5.3349593749999995,3.173298922986336,3.7751471720637375,4.551303010471711,0,2.5671328859786815,1,,0.924071075,4.289952224,1,0,0,0,0,0,0
8.750000000000014,81.44122951640134,87.20219515624837,11.67759082729675,5.3349593749999995,3.411604591,3.979416144394024,4.5483302886117745,0,2.567445652866372,1,,0.908292667,4.273285557,1,0,0,0,0,0,0
8.766666666666682,81.63585603018964,87.29111114583168,11.67101339,5.3349593749999995,3.6497546083656984,4.183685117,4.545396887043264,0,2.5676555165757766,1,,0.892551594,4.25661889,1,0,0,0,0,0,0
8.783333333,81.83037292005702,87.38002713541499,11.664081505786932,5.3349593749999995,3.8877510328321154,4.387954089054596,4.542502484767538,0,2.5677655752309048,1,,0.876844229,4.239952224,1,0,0,0,0,0,0
8.800000000000017,82.02477428,87.46894312,11.656809281839447,5.3349593749999995,4.1255959067497665,4.592223061384883,4.539646753842541,0,2.5677789294888753,1,,0.861167052,4.223285557,1,0,0,0,0,0,0
8.816666666666684,82.21905443318411,87.55785911458162,11.649210763145927,5.3349593749999995,4.363291254945841,4.796492033715169,4.536829359735851,0,2.567698681,1,,0.84551665,4.20661889,1,0,0,0,0,0,0
8.833333333333352,82.41320795,87.64677510416493,11.641299918190937,5.3349593749999995,4.600839084731451,5.0007610060454555,4.534049961670701,0,2.567527931232007,1,,0.829889715,4.189952224,1,0,0,0,0,0,0
8.85,82.60722961120638,87.73569109374824,11.633090637167092,5.3349593749999995,4.838241386,5.205029978375742,4.531308212964807,0,2.5672697795932167,1,,0.814283042,4.173285557,1,0,0,0,0,0,0
8.866666666666687,82.80111445515917,87.82460708333156,11.624596728403509,5.3349593749999995,5.075500128791369,5.409298950706028,4.528603761361892,0,2.5669273226297085,1,,0.798693525,4.15661889,1,0,0,0,0,0,0
8.883333333333354,82.99485773396589,87.91352307291487,11.615831915049094,5.3349593749999995,5.3126172672532626,5.613567923036315,4.525936249355776,0,2.5665036525210665,1,,0.783118159,4.139952224,1,0,0,0,0,0,0
8.900000000000022,83.18845493255003,88.00243906249818,11.606809832005831,5.3349593749999995,5.549594735113127,5.817836895366601,4.523305314506922,0,2.5660018559395144,1,,0.767554036,4.123285557,1,0,0,0,0,0,0
8.916666667,83.38190176308348,88.09135505,11.597544023107185,5.3349593749999995,5.786434447546437,6.0221058676968875,4.52071059,0,2.5654250129170513,1,,0.751998345,4.10661889,1,0,0,0,0,0,0
8.933333333333357,83.57519416346861,88.18027104166481,11.588047938536565,5.3349593749999995,6.023138300509245,6.226374840027174,4.518151703702013,0,2.5647761957708792,1,,0.73644837,4.089952224,1,0,0,0,0,0,0
8.950000000000024,83.76832829577756,88.26918703124812,11.578334932480864,5.3349593749999995,6.259708171,0.14745850517787407,4.515628280941984,0,2.564058468086652,1,,0.720901489,4.073285557,1,0,0,0,0,0,0
8.966666666666692,83.96130054465226,88.35810302083144,11.568418261013951,5.3349593749999995,0.21296060722806054,0.3517274775081604,4.513139942310445,0,2.5632748837590102,1,,0.705355174,4.05661889,1,0,0,0,0,0,0
8.983333333,84.15410751566918,88.44701901041475,11.55831108020499,5.3349593749999995,0.4492680620178131,0.5559964498384468,4.510686305180382,0,2.5624284860888316,1,,0.689806988,4.039952224,1,0,0,0,0,0,0
9.000000000000027,84.34674603367262,88.53593499999806,11.548026444446485,5.3349593749999995,0.6854470446678593,0.760265422,4.508266983728615,0,2.5615223069365682,1,,0.674254586,4.023285557,1,0,0,0,0,0,0
9.016666666666694,84.53921314108004,88.62485098958138,11.5375773,5.3349593749999995,0.9214993519429132,0.9645343944990195,4.505881589197925,0,2.560559365931021,1,,0.658695714,4.00661889,1,0,0,0,0,0,0
9.033333333333362,84.73150609616334,88.71376697916469,11.526976508732744,5.3349593749999995,1.1574267602524082,1.1688033668293059,4.50352973,0,2.559542669732844,1,,0.643128208,3.989952224,1,0,0,0,0,0,0
9.05,84.92362237130891,88.80268297,11.516236797105023,5.3349593749999995,1.3932310255101852,1.3730723391595923,4.501211012718449,0,2.5584752113520532,1,,0.627549992,3.973285557,1,0,0,0,0,0,0
9.066666666666697,85.11555965126064,88.89159895833131,11.505370805294987,5.3349593749999995,1.628913883007081,1.5773413114898787,4.498925040834169,0,2.557359969518789,1,,0.611959081,3.95661889,1,0,0,0,0,0,0
9.083333333333364,85.30731583134889,88.98051494791463,11.49439106156417,5.3349593749999995,1.8644770472960108,1.781610283820165,4.496671416469316,0,2.5561999081065396,1,,0.596353577,3.939952224,1,0,0,0,0,0,0
9.100000000000032,85.49888902,89.06943093749794,11.48330998679373,5.3349593749999995,2.099922212089131,1.9858792561504515,4.494449739853701,0,2.5549979756070256,1,,0.580731671,3.923285557,1,0,0,0,0,0,0
9.116666667,85.69027751548822,89.15834692708125,11.472139894208228,5.3349593749999995,2.33525105,2.1901482284807376,4.49225961,0,2.553757104655928,1,,0.565091641,3.90661889,1,0,0,0,0,0,0
9.133333333333367,85.88147984705836,89.24726291666457,11.460892989278936,5.3349593749999995,2.5704652132970898,2.394417200811024,4.490100623368245,0,2.552480211608611,1,,0.549431855,3.889952224,1,0,0,0,0,0,0
9.150000000000034,86.07249473021301,89.33617890624788,11.449581369802017,5.3349593749999995,2.8055663321679667,2.5986861731413105,4.487972377152013,0,2.5511701961650033,1,,0.533750766,3.873285557,1,0,0,0,0,0,0
9.166666666666702,86.26332108637638,89.4250949,11.438217026146816,5.3349593749999995,3.0405560163275447,2.802955145471597,4.485874466384647,0,2.5498299410427663,1,,0.518046917,3.85661889,1,0,0,0,0,0,0
9.183333333333369,86.45395803681214,89.51401089,11.426811841669718,5.3349593749999995,3.275435854136212,3.0072241178018833,4.483806486,0,2.5484623116978926,1,,0.502318936,3.839952224,1,0,0,0,0,0,0
9.200000000000037,86.64440490083996,89.60292687499782,11.41537759,5.3349593749999995,3.5102074127277234,3.2114930901321697,4.4817680290379025,0,2.547070156091865,1,,0.48656554,3.823285557,1,0,0,0,0,0,0
9.216666666666704,86.83466119406143,89.69184286458113,11.40392595221699,5.3349593749999995,3.744872237979708,3.415762062462456,4.479758690141285,0,2.5456563045045018,1,,0.470785534,3.80661889,1,0,0,0,0,0,0
9.233333333333372,87.02472662659835,89.78075885416445,11.392468484843143,5.3349593749999995,3.9794318544930896,3.6200310347927425,4.477778062392254,0,2.544223569391627,1,,0.45497781,3.789952224,1,0,0,0,0,0,0
9.250000000000039,87.21460110134575,89.86967484374776,11.381016653767418,5.3349593749999995,4.213887766,3.824300007123029,4.475825739131372,0,2.5427747452866973,1,,0.439141348,3.773285557,1,0,0,0,0,0,0
9.266666666666707,87.40428471224186,89.95859083333107,11.369581818976384,5.3349593749999995,4.448241453260094,4.028568979453315,4.473901313773729,0,2.541312608745533,1,,0.423275216,3.75661889,1,0,0,0,0,0,0
9.283333333333374,87.59377774255813,90.04750682291439,11.358175239160271,5.355759356,4.682494378264049,4.232837951783601,4.472004379950753,0,2.539839918333298,1,,0.408790248,3.725427498,1,0,0,0,0,0,0
9.300000000000042,87.78308066,90.13676947884272,11.346808073166455,5.394810043869024,4.916647980045293,4.437562409987653,4.470134531645136,0,2.5383594146528985,1,,0.39544516,3.681914722,1,0,0,0,0,0,0
9.316666666666709,87.97219413,90.22668297957387,11.335491381585848,5.434103183264811,5.150703677,4.643135075057271,4.468291363319011,0,2.5368738204139705,1,,0.382026868,3.638745227,1,0,0,0,0,0,0
9.333333333333377,88.16111898745669,90.31725136596162,11.32423612846866,5.473638429399779,5.384662865483229,4.8495521121185945,4.466474470035456,0,2.535385840541649,1,,0.368531984,3.595916845,1,0,0,0,0,0,0
9.350000000000044,88.34985626,90.40847867311828,11.31305318316613,5.513415345225494,5.6185269218583915,5.056809557493504,4.464683447573429,0,2.5338981623243217,1,,0.354957064,3.553427431,1,0,0,0,0,0,0
9.366666666666712,88.53840714265061,90.50036892887204,11.301953322295043,5.553433397869514,5.852297200516736,5.264903317527566,4.462917892536264,0,2.532413456,1,,0.341298597,3.511274859,1,0,0,0,0,0,0
9.383333333333379,88.72677303135555,90.59292615216987,11.290947231821862,5.5936919553218765,6.0859750349295085,5.473829167439869,4.461177402453795,0,2.530934372977741,1,,0.327553011,3.469457025,1,0,0,0,0,0,0
9.400000000000047,88.91495548521925,90.68615435142522,11.280045509263575,5.634190283073596,0.036376430315082864,5.683582750196469,4.459461575878253,0,2.5294635501018004,1,,0.313716664,3.427971843,1,0,0,0,0,0,0
9.416666666666714,89.10295624370696,90.78005752280978,11.269258666002415,5.6749275407094295,0.26987329241083424,5.894159575409201,4.457770012474009,0,2.5280036059437956,1,,0.299785844,3.386817248,1,0,0,0,0,0,0
9.433333333333382,89.29077722147366,90.87463964848826,11.258597129711827,5.715902778457348,0.5032815844538547,6.105555018261719,4.456102313101297,0,2.526557143,1,,0.285756769,3.345991192,1,0,0,0,0,0,0
9.450000000000049,89.47842050696886,90.96990469,11.248071246891163,5.757114933697424,0.7366025559619134,0.034579011285044814,4.45445808,0,2.5251267483381117,1,,0.271625579,3.305491644,1,0,0,0,0,0,0
9.466666666666717,89.66588836108372,91.06585661035751,11.237691285506733,5.798562827,0.9698374356205581,0.24759727206212875,4.452836916331621,0,2.523714992635454,1,,0.257388341,3.265316588,1,0,0,0,0,0,0
9.483333333333384,89.85318321584214,91.16249932414809,11.227467437737058,5.840245160727675,1.2029874313535722,0.4614194591696439,4.451238427305536,0,2.5223244319746247,1,,0.243041041,3.225464027,1,0,0,0,0,0,0
9.500000000000052,90.04030767313776,91.25983674349357,11.217409822820366,5.8821605111105075,1.4360537303968999,0.6760403999508224,4.4496622191796575,0,2.5209576076290157,1,,0.228579584,3.185931975,1,0,0,0,0,0,0
9.516666666666719,90.22726450351809,91.35787275,11.207528490001806,5.924307328954855,1.6690374993757477,0.8914547824276996,4.448107899845473,0,2.5196170466978005,1,,0.213999796,3.146718462,1,0,0,0,0,0,0
9.533333333333387,90.41405664501809,91.45661120749469,11.197833421580283,5.966683933833122,1.9019398843845687,1.107657154432494,4.446575078771901,0,2.518305262636656,1,,0.199297413,3.10782153,1,0,0,0,0,0,0
9.550000000000054,90.60068720204441,91.55605593972524,11.18833453605119,6.009288511,2.1347620110696566,1.3246419227808206,4.445063367,0,2.517024755819712,1,,0.184468092,3.069239233,1,0,0,0,0,0,0
9.566666666666721,90.78715944431195,91.65621074823946,11.17904169,6.052119106977392,2.3675049847140595,1.5424033524890781,4.443572377430241,0,2.515778014132459,1,,0.169507397,3.030969637,1,0,0,0,0,0,0
9.583333333333389,90.97347680583437,91.7570794,11.169964688161853,6.095173627339008,2.600169890324549,1.760935566,4.442101724360488,0,2.5145675135951437,1,,0.154410809,2.993010817,1,0,0,0,0,0,0
9.600000000000056,91.15964288397038,91.85866562714472,11.161113273394964,6.138449832,2.8327577927203733,1.9802325426877796,4.440651024011146,0,2.5133957190163003,1,,0.139173718,2.95536086,1,0,0,0,0,0,0
9.616666666666724,91.34566143852697,91.96097312,11.15249714365244,6.181945329985061,3.065269737,2.2002881178384825,4.439219894,0,2.5122650846760792,1,,0.123791424,2.918017859,1,0,0,0,0,0,0
9.633333333333391,91.53153639092119,92.06400555,11.144125948866215,6.225657580149284,3.297706746750304,2.4210959824530405,4.437807954917291,0,2.511178055039092,1,,0.10825914,2.880979916,1,0,0,0,0,0,0
9.650000000000059,91.71727182340231,92.16776650617265,11.136009295993933,6.269583882953058,3.5300698279038123,2.642649682530784,4.4364148273278365,0,2.510137065496517,1,,0.09257199,2.844245141,1,0,0,0,0,0,0
9.666666666666726,91.90287197833555,92.27225957088854,11.128156752811229,6.313721379086096,3.762359965067312,2.864942619,4.435040134793252,0,2.5091445431372605,1,,0.076725008,2.807811648,1,0,0,0,0,0,0
9.683333333333394,92.08834125754908,92.37748826053996,11.12057785179454,6.358067045385878,3.9945781234980178,3.0879680455306966,4.433683502370992,0,2.5082029075480037,1,,0.060713144,2.771677558,1,0,0,0,0,0,0
9.700000000000061,92.27368422174567,92.48345604462975,11.113282094094354,6.402617691244901,4.226725248821201,3.311719071766774,4.432344557,0,2.5073145716420084,1,,0.04453126,2.735840995,1,0,0,0,0,0,0
9.716666666666729,92.45890558998059,92.59016634,11.106278953599123,6.447369955058927,4.458802267124317,3.5361886594872427,4.431022927078412,0,2.506481942516608,1,,0.028174139,2.700300089,1,0,0,0,0,0,0
9.733333333333396,92.64401023920726,92.69762250540145,11.099577881090086,6.492320300724142,4.690810085050941,3.7613696241926724,4.4297182432925295,0,2.5057074223393427,1,,0.011636481,2.665052969,1,0,0,0,0,0,0
9.750000000000064,92.82900320389211,92.80582784374684,11.093188308487534,6.537465014191473,4.922749589894283,3.987254635,4.428430137767262,0,2.5049934092627524,1,,-0.005087087,2.63009777,1,0,0,0,0,0,0