scheduled_e2_time,scheduled_e4a_time,result,e4a_t,e4a_X_P,e4a_X_R,e4a_v_P,e4a_v_R,e4a_phi_P,e4a_phi_R,e4a_F^intra,e4a_F^inter,e4a_L^intra,e4a_L^inter,e4a_tauドットPR,e4a_tauPR,e4a_tauRB,e6_t,e6_X_P,e6_X_R,e6_v_P,e6_v_R,e6_phi_P,e6_phi_R,e6_F^intra,e6_F^inter,e6_L^intra,e6_L^inter,e6_tauドットPR,e6_tauPR,e6_tauRB
7.4,7.4,offered,7.399999999999979,65.76411206228954,80,11.463715834018466,5.3349593749999995,2.398110490723731,0,4.789866604206469,0,2.393326741907804,1,,,,9.633333333333391,90.8177572410392,90.96068859778165,9.271563499661214,5.177817567368542,3.2839821347201235,4.71238898038469,4.4433295589061546,0,2.264019063325284,0.9216464868106462,-0.5602211268794759,0.034904234003756814,3.6770919706030623
7.4,7.417,offered,7.433333333333312,66.14122075320739,80.17783197916663,11.32641708910337,5.3349593749999995,2.8930307719190127,0.4085379446605727,4.787253004414716,-0.05832931535751308,2.3951363637592333,1,-1.2095613138507932,2.342770640426665,5.589952223550601,9.633333333333391,90.8177572410392,90.96068859778165,9.271563499661214,5.177817567368542,3.2839821347201235,4.71238898038469,4.4433295589061546,0,2.264019063325284,0.9216464868106462,-0.5602211268794759,0.034904234003756814,3.6770919706030623
7.4,7.433,offered,7.433333333333312,66.14122075320739,80.17783197916663,11.32641708910337,5.3349593749999995,2.8930307719190127,0.4085379446605727,4.787253004414716,-0.05832931535751308,2.3951363637592333,1,-1.2095613138507932,2.342770640426665,5.589952223550601,9.633333333333391,90.8177572410392,90.96068859778165,9.271563499661214,5.177817567368542,3.2839821347201235,4.71238898038469,4.4433295589061546,0,2.264019063325284,0.9216464868106462,-0.5602211268794759,0.034904234003756814,3.6770919706030623
7.4,7.45,offered,7.449999999999979,66.32999437135913,80.26674796874994,11.33577103534938,5.3349593749999995,3.1406366372678267,0.612806916990859,4.7858485214860895,-0.05499895193541067,2.3961385515849356,1,-1.2175530854633276,2.322478089002276,5.573285556883938,9.633333333333391,90.8177572410392,90.96068859778165,9.271563499661214,5.177817567368542,3.2839821347201235,4.71238898038469,4.4433295589061546,0,2.264019063325284,0.9216464868106462,-0.5602211268794759,0.034904234003756814,3.6770919706030623
7.4,7.467,offered,7.483333333333312,66.70801638903555,80.44457994791657,11.355743507660355,5.3349593749999995,3.6361533136556474,1.0213448616514318,4.782844677727184,-0.04800967285060186,2.3983398568196477,1,-1.2321569668208987,2.2815240101975474,5.539952223550613,9.633333333333391,90.8177572410392,90.96068859778165,9.271563499661214,5.177817567368542,3.2839821347201235,4.71238898038469,4.4433295589061546,0,2.264019063325284,0.9216464868106462,-0.5602211268794759,0.034904234003756814,3.6770919706030623
7.4,7.483,offered,7.483333333333312,66.70801638903555,80.44457994791657,11.355743507660355,5.3349593749999995,3.6361533136556474,1.0213448616514318,4.782844677727184,-0.04800967285060186,2.3983398568196477,1,-1.2321569668208987,2.2815240101975474,5.539952223550613,9.633333333333391,90.8177572410392,90.96068859778165,9.271563499661214,5.177817567368542,3.2839821347201235,4.71238898038469,4.4433295589061546,0,2.264019063325284,0.9216464868106462,-0.5602211268794759,0.034904234003756814,3.6770919706030623
7.4,7.5,offered,7.499999999999979,66.89727878082988,80.53349593749988,11.366340288026187,5.3349593749999995,3.884068694776982,1.2256138339817182,4.781245491329203,-0.04436222214645037,2.3995398750848267,1,-1.2387532425038739,2.260878122822483,5.52328555688395,9.633333333333391,90.8177572410392,90.96068859778165,9.271563499661214,5.177817567368542,3.2839821347201235,4.71238898038469,4.4433295589061546,0,2.264019063325284,0.9216464868106462,-0.5602211268794759,0.034904234003756814,3.6770919706030623
7.4,7.517,offered,7.533333333333312,67.27633992769091,80.7113279166665,11.3886957212446,5.3349593749999995,4.380222717533821,1.634151778642291,4.7778529792240345,-0.03679245399786073,2.402140968386245,1,-1.2505019932692019,2.2192885881642184,5.489952223550624,9.633333333333391,90.8177572410392,90.96068859778165,9.271563499661214,5.177817567368542,3.2839821347201235,4.71238898038469,4.4433295589061546,0,2.264019063325284,0.9216464868106462,-0.5602211268794759,0.034904234003756814,3.6770919706030623
7.4,7.533,offered,7.533333333333312,67.27633992769091,80.7113279166665,11.3886957212446,5.3349593749999995,4.380222717533821,1.634151778642291,4.7778529792240345,-0.03679245399786073,2.402140968386245,1,-1.2505019932692019,2.2192885881642184,5.489952223550624,9.633333333333391,90.8177572410392,90.96068859778165,9.271563499661214,5.177817567368542,3.2839821347201235,4.71238898038469,4.4433295589061546,0,2.264019063325284,0.9216464868106462,-0.5602211268794759,0.034904234003756814,3.6770919706030623
7.4,7.55,offered,7.5499999999999785,67.46615152304497,80.80024390624982,11.400428737010424,5.3349593749999995,4.628464066138406,1.8384207509725774,4.776059792988233,-0.032883270321227946,2.4035430017266495,1,-1.2556444969579506,2.198361179881586,5.473285556883961,9.633333333333391,90.8177572410392,90.96068859778165,9.271563499661214,5.177817567368542,3.2839821347201235,4.71238898038469,4.4433295589061546,0,2.264019063325284,0.9216464868106462,-0.5602211268794759,0.034904234003756814,3.6770919706030623
7.4,7.567,offered,7.583333333333312,67.84636723164823,80.97807588541644,11.424936413808517,5.3349593749999995,5.125279620995158,2.24695869563315,4.772279874160366,-0.024851178787067354,2.4065525038728683,1,-1.2644488547284727,2.15628212883006,5.439952223550636,9.633333333333391,90.8177572410392,90.96068859778165,9.271563499661214,5.177817567368542,3.2839821347201235,4.71238898038469,4.4433295589061546,0,2.264019063325284,0.9216464868106462,-0.5602211268794759,0.034904234003756814,3.6770919706030623
7.4,7.583,offered,7.583333333333312,67.84636723164823,80.97807588541644,11.424936413808517,5.3349593749999995,5.125279620995158,2.24695869563315,4.772279874160366,-0.024851178787067354,2.4065525038728683,1,-1.2644488547284727,2.15628212883006,5.439952223550636,9.633333333333391,90.8177572410392,90.96068859778165,9.271563499661214,5.177817567368542,3.2839821347201235,4.71238898038469,4.4433295589061546,0,2.264019063325284,0.9216464868106462,-0.5602211268794759,0.034904234003756814,3.6770919706030623
7.4,7.6,offered,7.599999999999978,68.03678283854504,81.06699187499976,11.437681573696347,5.3349593749999995,5.3738544062089275,2.4512276679634364,4.770293255644878,-0.020743015083904415,2.408160982490298,1,-1.2681073161375966,2.1351470068944334,5.423285556883973,9.633333333333391,90.8177572410392,90.96068859778165,9.271563499661214,5.177817567368542,3.2839821347201235,4.71238898038469,4.4433295589061546,0,2.264019063325284,0.9216464868106462,-0.5602211268794759,0.034904234003756814,3.6770919706030623
7.4,7.617,offered,7.6333333333333115,68.41825642429063,81.24482385416638,11.464076113828105,5.3349593749999995,5.87133653650213,2.859765612624009,4.766126963748317,-0.012381206277171887,2.4115879768729283,1,-1.2739371719004566,2.0927268930316063,5.3899522235506465,9.633333333333391,90.8177572410392,90.96068859778165,9.271563499661214,5.177817567368542,3.2839821347201235,4.71238898038469,4.4433295589061546,0,2.264019063325284,0.9216464868106462,-0.5602211268794759,0.034904234003756814,3.6770919706030623
7.4,7.633,offered,7.6333333333333115,68.41825642429063,81.24482385416638,11.464076113828105,5.3349593749999995,5.87133653650213,2.859765612624009,4.766126963748317,-0.012381206277171887,2.4115879768729283,1,-1.2739371719004566,2.0927268930316063,5.3899522235506465,9.633333333333391,90.8177572410392,90.96068859778165,9.271563499661214,5.177817567368542,3.2839821347201235,4.71238898038469,4.4433295589061546,0,2.264019063325284,0.9216464868106462,-0.5602211268794759,0.034904234003756814,3.6770919706030623
7.4,7.65,offered,7.649999999999978,68.60932435952111,81.3337398437497,11.47769232643436,5.3349593749999995,6.12024208231388,3.0640345849542956,4.763947389485868,-0.008143777846810515,2.413407546590984,1,-1.276112384983339,2.071458353281884,5.3732855568839835,9.633333333333391,90.8177572410392,90.96068859778165,9.271563499661214,5.177817567368542,3.2839821347201235,4.71238898038469,4.4433295589061546,0,2.264019063325284,0.9216464868106462,-0.5602211268794759,0.034904234003756814,3.6770919706030623
7.4,7.667,offered,7.683333333333311,68.9921453112031,81.51157182291632,11.505675494328246,5.3349593749999995,0.3351891388476038,3.4725725296148684,4.7593956240119475,0.00040195380402212495,2.417261512958629,1,-1.2790024190113503,2.0288449945864797,5.339952223550658,9.633333333333391,90.8177572410392,90.96068859778165,9.271563499661214,5.177817567368542,3.2839821347201235,4.71238898038469,4.4433295589061546,0,2.264019063325284,0.9216464868106462,-0.5602211268794759,0.034904234003756814,3.6770919706030623
7.4,7.683,offered,7.683333333333311,68.9921453112031,81.51157182291632,11.505675494328246,5.3349593749999995,0.3351891388476038,3.4725725296148684,4.7593956240119475,0.00040195380402212495,2.417261512958629,1,-1.2790024190113503,2.0288449945864797,5.339952223550658,9.633333333333391,90.8177572410392,90.96068859778165,9.271563499661214,5.177817567368542,3.2839821347201235,4.71238898038469,4.4433295589061546,0,2.264019063325284,0.9216464868106462,-0.5602211268794759,0.034904234003756814,3.6770919706030623
7.4,7.7,offered,7.699999999999978,69.18390656944189,81.60048781249964,11.520006027198349,5.3349593749999995,0.5844115572316229,3.676841501945155,4.75702352808072,0.004692801951767858,2.419296998970905,1,-1.2797287324438944,2.0075161823790815,5.323285556883995,9.633333333333391,90.8177572410392,90.96068859778165,9.271563499661214,5.177817567368542,3.2839821347201235,4.71238898038469,4.4433295589061546,0,2.264019063325284,0.9216464868106462,-0.5602211268794759,0.034904234003756814,3.6770919706030623
7.4,7.717,offered,7.733333333333311,69.56814896086615,81.77831979166626,11.549250460579257,5.3349593749999995,1.083154439449231,4.085379446605727,4.752087154242187,0.013265588714430888,2.423587734958238,1,-1.279782513487473,1.9648533779073776,5.289952223550669,9.633333333333391,90.8177572410392,90.96068859778165,9.271563499661214,5.177817567368542,3.2839821347201235,4.71238898038469,4.4433295589061546,0,2.264019063325284,0.9216464868106462,-0.5602211268794759,0.034904234003756814,3.6770919706030623
7.4,7.733,offered,7.733333333333311,69.56814896086615,81.77831979166626,11.549250460579257,5.3349593749999995,1.083154439449231,4.085379446605727,4.752087154242187,0.013265588714430888,2.423587734958238,1,-1.279782513487473,1.9648533779073776,5.289952223550669,9.633333333333391,90.8177572410392,90.96068859778165,9.271563499661214,5.177817567368542,3.2839821347201235,4.71238898038469,4.4433295589061546,0,2.264019063325284,0.9216464868106462,-0.5602211268794759,0.034904234003756814,3.6770919706030623
7.4,7.75,offered,7.749999999999978,69.76063646854249,81.86723578124958,11.564125344138619,5.3349593749999995,1.332667725599839,4.289648418936014,4.7495229792906315,0.017529175955921156,2.425844099777952,1,-1.279129346932204,1.9435345554585075,5.273285556884007,9.633333333333391,90.8177572410392,90.96068859778165,9.271563499661214,5.177817567368542,3.2839821347201235,4.71238898038469,4.4433295589061546,0,2.264019063325284,0.9216464868106462,-0.5602211268794759,0.034904234003756814,3.6770919706030623
7.4,7.767,offered,7.783333333333311,70.14635759277462,82.0450677604162,11.594279398931418,5.3349593749999995,1.8319564488550752,4.698186363596586,4.744203047996582,0.0259641581266605,2.4305813398004954,1,-1.276500857416707,1.9009589096178081,5.239952223550681,9.633333333333391,90.81901200818226,90.9702402482809,9.272615680769908,5.181533990523685,3.285250851799336,4.71238898038469,4.4433196122730685,0,2.2640116530578314,0.9217561599923021,-0.5341486547280949,0.03695913665052946,3.6726111970937407
7.4,7.783,offered,7.783333333333311,70.14635759277462,82.0450677604162,11.594279398931418,5.3349593749999995,1.8319564488550752,4.698186363596586,4.744203047996582,0.0259641581266605,2.4305813398004954,1,-1.276500857416707,1.9009589096178081,5.239952223550681,9.633333333333391,90.81901200818226,90.9702402482809,9.272615680769908,5.181533990523685,3.285250851799336,4.71238898038469,4.4433196122730685,0,2.2640116530578314,0.9217561599923021,-0.5341486547280949,0.03695913665052946,3.6726111970937407
7.4,7.8,offered,7.799999999999978,70.33959558275683,82.13398374999952,11.609506246044708,5.3349593749999995,2.081721819707604,4.902455335926873,4.7414486375971725,0.03011675950569754,2.4330602810334736,1,-1.274364002595485,1.87971950957455,5.223285556884018,9.616666666666724,90.65014872271837,91.16286903477817,9.24990808221199,5.25636404348307,3.1590709867838465,4.71238898038469,4.444666003193625,0,2.2650216928564,0.9188104376466142,0.6405846308403168,0.12838729386417105,3.583680812324334
7.4,7.817,offered,7.833333333333311,70.72683379923035,82.31181572916614,11.640084786177797,5.3349593749999995,2.581466078897467,5.310993280587446,4.735758865028015,0.03824519498485585,2.438222640754607,1,-1.2681328697668892,1.837391197548237,5.1899522235506925,9.616666666666724,90.65014872271837,91.16286903477817,9.24990808221199,5.25636404348307,3.1590709867838465,4.71238898038469,4.444666003193625,0,2.2650216928564,0.9188104376466142,0.6405846308403168,0.12838729386417105,3.583680812324334
7.4,7.833,offered,7.833333333333311,70.72683379923035,82.31181572916614,11.640084786177797,5.3349593749999995,2.581466078897467,5.310993280587446,4.735758865028015,0.03824519498485585,2.438222640754607,1,-1.2681328697668892,1.837391197548237,5.1899522235506925,9.616666666666724,90.65014872271837,91.16286903477817,9.24990808221199,5.25636404348307,3.1590709867838465,4.71238898038469,4.444666003193625,0,2.2650216928564,0.9188104376466142,0.6405846308403168,0.12838729386417105,3.583680812324334
7.4,7.85,offered,7.849999999999977,70.92083521233332,82.40073171874946,11.65536419835667,5.3349593749999995,2.831432346949872,5.515262252917732,4.732826948768178,0.042202381155880965,2.4408989752827415,1,-1.2640932156947704,1.8163229772866576,5.1732855568840295,9.616666666666724,90.65014872271837,91.16286903477817,9.24990808221199,5.25636404348307,3.1590709867838465,4.71238898038469,4.444666003193625,0,2.2650216928564,0.9188104376466142,0.6405846308403168,0.12838729386417105,3.583680812324334
7.4,7.867,offered,7.883333333333311,71.30960109574613,82.57856369791608,11.685722532424338,5.3349593749999995,3.331518638015201,5.923800197578305,4.726797851045808,0.049856857964712634,2.446423960765007,1,-1.2543111318669586,1.7744265252587805,5.139952223550703,9.616666666666724,90.65014872271837,91.16286903477817,9.24990808221199,5.25636404348307,3.1590709867838465,4.71238898038469,4.444666003193625,0,2.2650216928564,0.9188104376466142,0.6405846308403168,0.12838729386417105,3.583680812324334
7.4,7.883,offered,7.883333333333311,71.30960109574613,82.57856369791608,11.685722532424338,5.3349593749999995,3.331518638015201,5.923800197578305,4.726797851045808,0.049856857964712634,2.446423960765007,1,-1.2543111318669586,1.7744265252587805,5.139952223550703,9.616666666666724,90.65014872271837,91.16286903477817,9.24990808221199,5.25636404348307,3.1590709867838465,4.71238898038469,4.444666003193625,0,2.2650216928564,0.9188104376466142,0.6405846308403168,0.12838729386417105,3.583680812324334
7.4,7.9,offered,7.899999999999977,71.50436313795319,82.6674796874994,11.700729484355193,5.3349593749999995,3.581623693724577,6.128069169908591,4.72370426298597,0.0535362819111548,2.44926529748507,1,-1.2486293150780448,1.7536160366741465,5.12328555688404,9.616666666666724,90.65014872271837,91.16286903477817,9.24990808221199,5.25636404348307,3.1590709867838465,4.71238898038469,4.444666003193625,0,2.2650216928564,0.9188104376466142,0.6405846308403168,0.12838729386417105,3.583680812324334
7.4,7.917,offered,7.9333333333333105,71.89463486352741,82.84531166666602,11.730220993620035,5.3349593749999995,4.081917431437404,0.2534218073895777,4.717368188731603,0.06055644046561406,2.455087073148522,1,-1.2358404989331229,1.712310997763612,5.089952223550715,9.616666666666724,90.65014872271837,91.16286903477817,9.24990808221199,5.25636404348307,3.1590709867838465,4.71238898038469,4.444666003193625,0,2.2650216928564,0.9188104376466142,0.6405846308403168,0.12838729386417105,3.583680812324334
7.4,7.933,offered,7.9333333333333105,71.89463486352741,82.84531166666602,11.730220993620035,5.3349593749999995,4.081917431437404,0.2534218073895777,4.717368188731603,0.06055644046561406,2.455087073148522,1,-1.2358404989331229,1.712310997763612,5.089952223550715,9.616666666666724,90.65014872271837,91.16286903477817,9.24990808221199,5.25636404348307,3.1590709867838465,4.71238898038469,4.444666003193625,0,2.2650216928564,0.9188104376466142,0.6405846308403168,0.12838729386417105,3.583680812324334
7.4,7.95,offered,7.949999999999977,72.09013854675442,82.93422765624933,11.74463555243021,5.3349593749999995,4.332088980012266,0.45769077971986405,4.714129455393038,0.06388074805843344,2.458059956411623,1,-1.2287975016693409,1.6918310394024563,5.073285556884052,9.616666666666724,90.65014872271837,91.16286903477817,9.24990808221199,5.25636404348307,3.1590709867838465,4.71238898038469,4.444666003193625,0,2.2650216928564,0.9188104376466142,0.6405846308403168,0.12838729386417105,3.583680812324334
7.4,7.967,offered,7.98333333333331,72.48186219822213,83.11205963541596,11.772631421690761,5.3349593749999995,4.832436154319197,0.8662287243804367,4.707520183931616,0.07011917958744542,2.464110521104591,1,-1.2135765513175212,1.6512486750017352,5.039952223550726,9.616666666666724,90.65014872271837,91.16286903477817,9.24990808221199,5.25636404348307,3.1590709867838465,4.71238898038469,4.444666003193625,0,2.2650216928564,0.9188104376466142,0.6405846308403168,0.12838729386417105,3.583680812324334
7.4,7.983,offered,7.98333333333331,72.48186219822213,83.11205963541596,11.772631421690761,5.3349593749999995,4.832436154319197,0.8662287243804367,4.707520183931616,0.07011917958744542,2.464110521104591,1,-1.2135765513175212,1.6512486750017352,5.039952223550726,9.616666666666724,90.65014872271837,91.16286903477817,9.24990808221199,5.25636404348307,3.1590709867838465,4.71238898038469,4.444666003193625,0,2.2650216928564,0.9188104376466142,0.6405846308403168,0.12838729386417105,3.583680812324334
7.4,8,offered,7.999999999999977,72.67807272191698,83.20097562499927,11.786146455110458,5.3349593749999995,5.082592766418078,1.0704976967107231,4.7041535635302365,0.07301896484782618,2.4671804053750748,1,-1.2054638645158455,1.6311576105931378,5.023285556884063,9.616666666666724,90.65014872271837,91.16286903477817,9.24990808221199,5.25636404348307,3.1590709867838465,4.71238898038469,4.444666003193625,0,2.2650216928564,0.9188104376466142,0.6405846308403168,0.12838729386417105,3.583680812324334
7.4,8.017,offered,8.033333333333312,73.07116344185368,83.3788076041659,11.812051337341712,5.3349593749999995,5.582822512267537,1.479035641371296,4.697306353368247,0.07834701502098868,2.473389592202702,1,-1.1883967065580459,1.5914000020752543,4.989952223550738,9.616666666666724,90.65014872271837,91.16286903477817,9.24990808221199,5.25636404348307,3.1590709867838465,4.71238898038469,4.444666003193625,0,2.2650216928564,0.9188104376466142,0.6405846308403168,0.12838729386417105,3.583680812324334
7.4,8.033,offered,8.033333333333312,73.07116344185368,83.3788076041659,11.812051337341712,5.3349593749999995,5.582822512267537,1.479035641371296,4.697306353368247,0.07834701502098868,2.473389592202702,1,-1.1883967065580459,1.5914000020752543,4.989952223550738,9.616666666666724,90.65014872271837,91.16286903477817,9.24990808221199,5.25636404348307,3.1590709867838465,4.71238898038469,4.444666003193625,0,2.2650216928564,0.9188104376466142,0.6405846308403168,0.12838729386417105,3.583680812324334
7.4,8.05,offered,8.04999999999998,73.26803096414272,83.46772359374921,11.824380342116962,5.3349593749999995,5.832875137904587,1.6833046137015824,4.693829844714504,0.08076361731747644,2.476520867409038,1,-1.1795065684017825,1.571741559268558,4.973285556884075,9.616666666666724,90.65014872271837,91.16286903477817,9.24990808221199,5.25636404348307,3.1590709867838465,4.71238898038469,4.444666003193625,0,2.2650216928564,0.9188104376466142,0.6405846308403168,0.12838729386417105,3.583680812324334
7.4,8.067,offered,8.083333333333314,73.66237488613933,83.64555557291584,11.83198103164813,5.3349593749999995,0.04961789064509947,2.091842558362155,4.686781420221768,0.08507664116602713,2.482816445060175,0.998677658460391,-1.1611707698045093,1.5328816975682256,4.9399522235507485,9.616666666666724,90.65014872271837,91.16286903477817,9.24990808221199,5.25636404348307,3.1590709867838465,4.71238898038469,4.444666003193625,0,2.2650216928564,0.9188104376466142,0.6405846308403168,0.12838729386417105,3.583680812324334
7.4,8.083,offered,8.083333333333314,73.66237488613933,83.64555557291584,11.83198103164813,5.3349593749999995,0.04961789064509947,2.091842558362155,4.686781420221768,0.08507664116602713,2.482816445060175,0.998677658460391,-1.1611707698045093,1.5328816975682256,4.9399522235507485,9.616666666666724,90.65014872271837,91.16286903477817,9.24990808221199,5.25636404348307,3.1590709867838465,4.71238898038469,4.444666003193625,0,2.2650216928564,0.9188104376466142,0.6405846308403168,0.12838729386417105,3.583680812324334
7.4,8.1,offered,8.099999999999982,73.85957457000012,83.73447156249915,11.832634470687566,5.3349593749999995,0.2994717944722516,2.2961115306924413,4.683218473714591,0.0869645515015003,2.485968339816361,0.997816802058851,-0.9304282007700193,1.5173745608887252,4.923285556884086,9.616666666666724,90.65014872271837,91.16286903477817,9.24990808221199,5.25636404348307,3.1590709867838465,4.71238898038469,4.444666003193625,0,2.2650216928564,0.9188104376466142,0.6405846308403168,0.12838729386417105,3.583680812324334
7.4,8.117,offered,8.133333333333317,74.25396986524015,83.91230354166578,11.829682711770747,5.3349593749999995,0.798905663432534,2.704649475353014,4.676026472307105,0.09018619003863064,2.492259340742257,0.9958787096794858,-0.9691332380882356,1.4845571243940143,4.88995222355076,9.616666666666724,90.65014872271837,91.16286903477817,9.24990808221199,5.25636404348307,3.1590709867838465,4.71238898038469,4.444666003193625,0,2.2650216928564,0.9188104376466142,0.6405846308403168,0.12838729386417105,3.583680812324334
7.4,8.133,offered,8.133333333333317,74.25396986524015,83.91230354166578,11.829682711770747,5.3349593749999995,0.798905663432534,2.704649475353014,4.676026472307105,0.09018619003863064,2.492259340742257,0.9958787096794858,-0.9691332380882356,1.4845571243940143,4.88995222355076,9.616666666666724,90.65014872271837,91.16286903477817,9.24990808221199,5.25636404348307,3.1590709867838465,4.71238898038469,4.444666003193625,0,2.2650216928564,0.9188104376466142,0.6405846308403168,0.12838729386417105,3.583680812324334
7.4,8.15,offered,8.149999999999984,74.45113124376968,84.00121953124909,11.827631096476946,5.3349593749999995,1.0484639748570674,2.9089184476833005,4.672402169782987,0.09151487914830948,2.495389884155097,0.9949360552523441,-0.9713272135708717,1.4683683375011665,4.873285556884097,9.616666666666724,90.65014872271837,91.16286903477817,9.24990808221199,5.25636404348307,3.1590709867838465,4.71238898038469,4.444666003193625,0,2.2650216928564,0.9188104376466142,0.6405846308403168,0.12838729386417105,3.583680812324334
7.4,8.167,offered,8.18333333333332,74.84534458085574,84.17905151041572,11.822198668691176,5.3349593749999995,1.5472091974678788,3.3174563923438734,4.665107974637888,0.09359986801144476,2.5016004627826205,0.9930960677423509,-0.9573676314729118,1.4363684415845568,4.839952223550772,9.616666666666724,90.65014872271837,91.16286903477817,9.24990808221199,5.25636404348307,3.1590709867838465,4.71238898038469,4.444666003193625,0,2.2650216928564,0.9188104376466142,0.6405846308403168,0.12838729386417105,3.583680812324334
7.4,8.183,offered,8.18333333333332,74.84534458085574,84.17905151041572,11.822198668691176,5.3349593749999995,1.5472091974678788,3.3174563923438734,4.665107974637888,0.09359986801144476,2.5016004627826205,0.9930960677423509,-0.9573676314729118,1.4363684415845568,4.839952223550772,9.616666666666724,90.65014872271837,91.16286903477817,9.24990808221199,5.25636404348307,3.1590709867838465,4.71238898038469,4.444666003193625,0,2.2650216928564,0.9188104376466142,0.6405846308403168,0.12838729386417105,3.583680812324334
7.4,8.2,offered,8.199999999999987,75.04238122533394,84.26796749999903,11.8187326938354,5.3349593749999995,1.796374557452,3.5217253646741598,4.661442498467879,0.09435470995369805,2.504672271681394,0.9921941788948629,-0.9509444237439846,1.4205193678554904,4.823285556884109,9.616666666666724,90.65014872271837,91.16286903477817,9.24990808221199,5.25636404348307,3.1590709867838465,4.71238898038469,4.444666003193625,0,2.2650216928564,0.9188104376466142,0.6405846308403168,0.12838729386417105,3.583680812324334
7.4,8.217,offered,8.233333333333322,75.43627260643365,84.44579947916566,11.810242426775725,5.3349593749999995,2.294237549403422,3.9302633093347326,4.654085889515179,0.09528988237341225,2.5107283778348215,0.9904271768609558,-0.9386464701247421,1.3891276842395979,4.789952223550783,9.616666666666724,90.65014872271837,91.16286903477817,9.24990808221199,5.25636404348307,3.1590709867838465,4.71238898038469,4.444666003193625,0,2.2650216928564,0.9188104376466142,0.6405846308403168,0.12838729386417105,3.583680812324334
7.4,8.233,offered,8.233333333333322,75.43627260643365,84.44579947916566,11.810242426775725,5.3349593749999995,2.294237549403422,3.9302633093347326,4.654085889515179,0.09528988237341225,2.5107283778348215,0.9904271768609558,-0.9386464701247421,1.3891276842395979,4.789952223550783,9.616666666666724,90.65014872271837,91.16286903477817,9.24990808221199,5.25636404348307,3.1590709867838465,4.71238898038469,4.444666003193625,0,2.2650216928564,0.9188104376466142,0.6405846308403168,0.12838729386417105,3.583680812324334
7.4,8.25,offered,8.24999999999999,75.63310998021325,84.53471546874897,11.805198473830005,5.3349593749999995,2.5429142833051315,4.1345322816650185,4.650399202466023,0.09547226649696601,2.5137044813092566,0.9895622091434624,-0.9324838587467399,1.3735862865938189,4.77328555688412,9.616666666666724,90.65014872271837,91.16286903477817,9.24990808221199,5.25636404348307,3.1590709867838465,4.71238898038469,4.444666003193625,0,2.2650216928564,0.9188104376466142,0.6405846308403168,0.12838729386417105,3.583680812324334
7.4,8.267,offered,8.283333333333324,76.02652344820973,84.7125474479156,11.79346795404978,5.3349593749999995,3.0397073241262023,4.543070226325591,4.6430201752140245,0.09527593212198891,2.519532398399509,0.9878690671065026,-0.9202342273262731,1.342810102952487,4.7399522235507945,9.616666666666724,90.65641926794564,91.17256636623546,9.250864450531443,5.2601250153456,3.1637445961812167,4.71238898038469,4.444615724255143,0,2.2649837354551114,0.9189312299511979,0.6537414153203384,0.12933620615242813,3.5792749371618395
7.4,8.283,offered,8.283333333333324,76.02652344820973,84.7125474479156,11.79346795404978,5.3349593749999995,3.0397073241262023,4.543070226325591,4.6430201752140245,0.09527593212198891,2.519532398399509,0.9878690671065026,-0.9202342273262731,1.342810102952487,4.7399522235507945,9.616666666666724,90.65641926794564,91.17256636623546,9.250864450531443,5.2601250153456,3.1637445961812167,4.71238898038469,4.444615724255143,0,2.2649837354551114,0.9189312299511979,0.6537414153203384,0.12933620615242813,3.5792749371618395
7.4,8.3,offered,8.299999999999992,76.22308124744387,84.80146343749891,11.786766902896964,5.3349593749999995,3.2878039281485343,4.747339198655878,4.63933227397029,0.09490252053355175,2.5223761022956714,0.9870406953020271,-0.9141859022377163,1.327573671248525,4.723285556884131,9.616666666666724,90.80785540070377,91.46705994271565,9.284488121875954,5.374047608002229,3.265353571496701,4.71238898038469,4.443408081838056,0,2.264077591482997,0.9228911003410767,1.1954874815730065,0.16857551973316243,3.4485999025553595
7.4,8.317,offered,8.333333333333327,76.61585237800256,84.97929541666554,11.771665614938241,5.3349593749999995,3.7833500183010815,5.1558771433164505,4.6319707634984555,0.0936221599352971,2.5279028698564043,0.9854196691691255,-0.9023068700199088,1.2973984534743452,4.689952223550805,9.616666666666724,90.80785540070377,91.46705994271565,9.284488121875954,5.374047608002229,3.265353571496701,4.71238898038469,4.443408081838056,0,2.264077591482997,0.9228911003410767,1.1954874815730065,0.16857551973316243,3.4485999025553595
7.4,8.333,offered,8.333333333333327,76.61585237800256,84.97929541666554,11.771665614938241,5.3349593749999995,3.7833500183010815,5.1558771433164505,4.6319707634984555,0.0936221599352971,2.5279028698564043,0.9854196691691255,-0.9023068700199088,1.2973984534743452,4.689952223550805,9.616666666666724,90.80785540070377,91.46705994271565,9.284488121875954,5.374047608002229,3.265353571496701,4.71238898038469,4.443408081838056,0,2.264077591482997,0.9228911003410767,1.1954874815730065,0.16857551973316243,3.4485999025553595
7.4,8.35,offered,8.349999999999994,76.81204680491817,85.06821140624885,11.763257581967592,5.3349593749999995,4.030781485169672,5.360146115646737,4.628301563595661,0.09272335104124556,2.5305779479398716,0.9846266707233092,-0.8964992229081137,1.28245679975921,4.673285556884142,9.616666666666724,90.80785540070377,91.46705994271565,9.284488121875954,5.374047608002229,3.265353571496701,4.71238898038469,4.443408081838056,0,2.264077591482997,0.9228911003410767,1.1954874815730065,0.16857551973316243,3.4485999025553595
7.4,8.367,offered,8.38333333333333,77.20400567237573,85.24604338541548,11.744714857108468,5.3349593749999995,4.5249187265629764,5.76868406030731,4.620997238149888,0.09043186334387432,2.535731722361061,0.9830746862533423,-0.885198792810562,1.2528569291761522,4.639952223550817,9.616666666666724,90.80785540070377,91.46705994271565,9.284488121875954,5.374047608002229,3.265353571496701,4.71238898038469,4.443408081838056,0,2.264077591482997,0.9228911003410767,1.1954874815730065,0.16857551973316243,3.4485999025553595
7.4,8.383,offered,8.38333333333333,77.20400567237573,85.24604338541548,11.744714857108468,5.3349593749999995,4.5249187265629764,5.76868406030731,4.620997238149888,0.09043186334387432,2.535731722361061,0.9830746862533423,-0.885198792810562,1.2528569291761522,4.639952223550817,9.616666666666724,90.80785540070377,91.46705994271565,9.284488121875954,5.374047608002229,3.265353571496701,4.71238898038469,4.443408081838056,0,2.264077591482997,0.9228911003410767,1.1954874815730065,0.16857551973316243,3.4485999025553595
7.4,8.4,offered,8.399999999999997,77.39975091999418,85.33495937499879,11.734578253869008,5.3349593749999995,4.771608577449009,5.972953032637596,4.617366468815137,0.0890496178261668,2.5382025971226367,0.9823152391133773,-0.8797235699824935,1.238194869676444,4.623285556884154,9.616666666666724,90.80785540070377,91.46705994271565,9.284488121875954,5.374047608002229,3.265353571496701,4.71238898038469,4.443408081838056,0,2.264077591482997,0.9228911003410767,1.1954874815730065,0.16857551973316243,3.4485999025553595
7.4,8.417,offered,8.433333333333332,77.79072497426046,85.51279135416542,11.712576238725786,5.3349593749999995,5.2641938704621305,0.09830567011858271,4.610158519116313,0.0858404941434828,2.5429130095397543,0.9808281690514918,-0.8691599017954355,1.209135952494065,4.589952223550828,9.616666666666724,90.80785540070377,91.46705994271565,9.284488121875954,5.374047608002229,3.265353571496701,4.71238898038469,4.443408081838056,0,2.264077591482997,0.9228911003410767,1.1954874815730065,0.16857551973316243,3.4485999025553595
7.4,8.433,offered,8.433333333333332,77.79072497426046,85.51279135416542,11.712576238725786,5.3349593749999995,5.2641938704621305,0.09830567011858271,4.610158519116313,0.0858404941434828,2.5429130095397543,0.9808281690514918,-0.8691599017954355,1.209135952494065,4.589952223550828,9.616666666666724,90.80785540070377,91.46705994271565,9.284488121875954,5.374047608002229,3.265353571496701,4.71238898038469,4.443408081838056,0,2.264077591482997,0.9228911003410767,1.1954874815730065,0.16857551973316243,3.4485999025553595
7.4,8.45,offered,8.45,77.98593457823921,85.60170734374873,11.700713830309432,5.3349593749999995,5.510075803817496,0.30257464244886906,4.606585619154607,0.08402573265911574,2.5451449275520983,0.9801000022061181,-0.8640834226868632,1.1947345621159506,4.573285556884166,9.616666666666724,90.80785540070377,91.46705994271565,9.284488121875954,5.374047608002229,3.265353571496701,4.71238898038469,4.443408081838056,0,2.264077591482997,0.9228911003410767,1.1954874815730065,0.16857551973316243,3.4485999025553595
7.4,8.467,offered,8.483333333333334,78.37575114725678,85.77953932291535,11.675278817935887,5.3349593749999995,6.000987715124934,0.7111125871094417,4.599512554684105,0.08000760274759837,2.5493434245650137,0.9786729723773764,-0.8543645538197708,1.166175980209769,4.53995222355084,9.616666666666724,90.80785540070377,91.46705994271565,9.284488121875954,5.374047608002229,3.265353571496701,4.71238898038469,4.443408081838056,0,2.264077591482997,0.9228911003410767,1.1954874815730065,0.16857551973316243,3.4485999025553595
7.4,8.483,offered,8.483333333333334,78.37575114725678,85.77953932291535,11.675278817935887,5.3349593749999995,6.000987715124934,0.7111125871094417,4.599512554684105,0.08000760274759837,2.5493434245650137,0.9786729723773764,-0.8543645538197708,1.166175980209769,4.53995222355084,9.616666666666724,90.80785540070377,91.46705994271565,9.284488121875954,5.374047608002229,3.265353571496701,4.71238898038469,4.443408081838056,0,2.264077591482997,0.9228911003410767,1.1954874815730065,0.16857551973316243,3.4485999025553595
7.4,8.5,offered,8.500000000000002,78.57033912755571,85.86845531249867,11.661713030142415,5.3349593749999995,6.246006817606814,0.9153815594397281,4.596016573588886,0.07781740646259669,2.551302620907998,0.9779735142769431,-0.8497290502166166,1.1520138293728255,4.5232855568841766,9.616666666666724,90.80785540070377,91.46705994271565,9.284488121875954,5.374047608002229,3.265353571496701,4.71238898038469,4.443408081838056,0,2.264077591482997,0.9228911003410767,1.1954874815730065,0.16857551973316243,3.4485999025553595
7.4,8.517,offered,8.533333333333337,78.95882746310082,86.0462872916653,11.63290560460251,5.3349593749999995,0.45196223891261633,1.323919504100301,4.589116032265515,0.07310841854714441,2.554922779690056,0.976601187076062,-0.8409174506641737,1.1239111026988162,4.489952223550851,9.616666666666724,90.80785540070377,91.46705994271565,9.284488121875954,5.374047608002229,3.265353571496701,4.71238898038469,4.443408081838056,0,2.264077591482997,0.9228911003410767,1.1954874815730065,0.16857551973316243,3.4485999025553595
7.4,8.533,offered,8.533333333333337,78.95882746310082,86.0462872916653,11.63290560460251,5.3349593749999995,0.45196223891261633,1.323919504100301,4.589116032265515,0.07310841854714441,2.554922779690056,0.976601187076062,-0.8409174506641737,1.1239111026988162,4.489952223550851,9.616666666666724,90.80785540070377,91.46705994271565,9.284488121875954,5.374047608002229,3.265353571496701,4.71238898038469,4.443408081838056,0,2.264077591482997,0.9228911003410767,1.1954874815730065,0.16857551973316243,3.4485999025553595
7.4,8.55,offered,8.550000000000004,79.15270922317751,86.13520328124861,11.61767345831022,5.3349593749999995,0.6960757403136123,1.5281884764305873,4.585715539270254,0.0706032550078686,2.556576628085598,0.9759276992816327,-0.836743897214669,1.1099653710785717,4.473285556884188,9.616666666666724,90.80785540070377,91.46705994271565,9.284488121875954,5.374047608002229,3.265353571496701,4.71238898038469,4.443408081838056,0,2.264077591482997,0.9228911003410767,1.1954874815730065,0.16857551973316243,3.4485999025553595
7.4,8.567,offered,8.58333333333334,79.53970204545698,86.31303526041523,11.58557831458841,5.3349593749999995,1.1833721798019168,1.93672642109116,4.579024114882523,0.06532570488934172,2.559554440928766,0.974604521552941,-0.8288630347256731,1.0822722233394744,4.439952223550862,9.616666666666724,90.80785540070377,91.46705994271565,9.284488121875954,5.374047608002229,3.265353571496701,4.71238898038469,4.443408081838056,0,2.264077591482997,0.9228911003410767,1.1954874815730065,0.16857551973316243,3.4485999025553595
7.4,8.583,offered,8.58333333333334,79.53970204545698,86.31303526041523,11.58557831458841,5.3349593749999995,1.1833721798019168,1.93672642109116,4.579024114882523,0.06532570488934172,2.559554440928766,0.974604521552941,-0.8288630347256731,1.0822722233394744,4.439952223550862,9.616666666666724,90.80785540070377,91.46705994271565,9.284488121875954,5.374047608002229,3.265353571496701,4.71238898038469,4.443408081838056,0,2.264077591482997,0.9228911003410767,1.1954874815730065,0.16857551973316243,3.4485999025553595
7.4,8.6,offered,8.600000000000007,79.73279501736681,86.40195124999855,11.568726395404955,5.3349593749999995,1.4265497677101897,2.1409953934214463,4.575737117581878,0.0625668682041559,2.560871587981344,0.9739542119581344,-0.8251547974032913,1.0685196433827528,4.423285556884199,9.616666666666724,90.80785540070377,91.46705994271565,9.284488121875954,5.374047608002229,3.265353571496701,4.71238898038469,4.443408081838056,0,2.264077591482997,0.9228911003410767,1.1954874815730065,0.16857551973316243,3.4485999025553595
7.4,8.617,offered,8.633333333333342,80.11812955521992,86.57978322916517,11.533443288817631,5.3349593749999995,1.9119537270912526,2.549533338082019,4.569290120223727,0.056842408536185565,2.563145967899218,0.9726745996013366,-0.818206226367959,1.041189540409438,4.389952223550874,9.616666666666724,90.80785540070377,91.46705994271565,9.284488121875954,5.374047608002229,3.265353571496701,4.71238898038469,4.443408081838056,0,2.264077591482997,0.9228911003410767,1.1954874815730065,0.16857551973316243,3.4485999025553595
7.4,8.633,offered,8.633333333333342,80.11812955521992,86.57978322916517,11.533443288817631,5.3349593749999995,1.9119537270912526,2.549533338082019,4.569290120223727,0.056842408536185565,2.563145967899218,0.9726745996013366,-0.818206226367959,1.041189540409438,4.389952223550874,9.616666666666724,90.80785540070377,91.46705994271565,9.284488121875954,5.374047608002229,3.265353571496701,4.71238898038469,4.443408081838056,0,2.264077591482997,0.9228911003410767,1.1954874815730065,0.16857551973316243,3.4485999025553595
7.4,8.65,offered,8.65000000000001,80.31035361003353,86.66869921874849,11.515035184934408,5.3349593749999995,2.1541774598726677,2.7538023104123055,4.5661325036277365,0.05388981370457045,2.5641007896628785,0.9720444018414921,-0.8150988799222469,1.0276045590774006,4.373285556884211,9.616666666666724,90.80785540070377,91.46705994271565,9.284488121875954,5.374047608002229,3.265353571496701,4.71238898038469,4.443408081838056,0,2.264077591482997,0.9228911003410767,1.1954874815730065,0.16857551973316243,3.4485999025553595
7.4,8.667,offered,8.683333333333344,80.69387329781665,86.84653119791511,11.47680074101529,5.3349593749999995,2.6376647156883446,3.1623402550728783,4.559948115690719,0.047835502879578634,2.5656595028539413,0.9707999513378275,-0.8098906104828396,1.0005674715468629,4.339952223550885,9.616666666666724,90.80785540070377,91.46705994271565,9.284488121875954,5.374047608002229,3.265353571496701,4.71238898038469,4.443408081838056,0,2.264077591482997,0.9228911003410767,1.1954874815730065,0.16857551973316243,3.4485999025553595
7.4,8.683,offered,8.683333333333344,80.69387329781665,86.84653119791511,11.47680074101529,5.3349593749999995,2.6376647156883446,3.1623402550728783,4.559948115690719,0.047835502879578634,2.5656595028539413,0.9707999513378275,-0.8098906104828396,1.0005674715468629,4.339952223550885,9.616666666666724,90.80785540070377,91.46705994271565,9.284488121875954,5.374047608002229,3.265353571496701,4.71238898038469,4.443408081838056,0,2.264077591482997,0.9228911003410767,1.1954874815730065,0.16857551973316243,3.4485999025553595
7.4,8.7,offered,8.700000000000012,80.88515331016691,86.93544718749843,11.457023494478594,5.3349593749999995,2.878927701778875,3.3666092274031647,4.5569205462094065,0.04474599453200249,2.566270068884296,0.9701844301240364,-0.8077606068955312,0.9871047947652707,4.323285556884222,9.616666666666724,90.80785540070377,91.46705994271565,9.284488121875954,5.374047608002229,3.265353571496701,4.71238898038469,4.443408081838056,0,2.264077591482997,0.9228911003410767,1.1954874815730065,0.16857551973316243,3.4485999025553595
7.4,8.717,offered,8.733333333333347,81.26671767345175,87.11327916666505,11.416268696815466,5.3349593749999995,3.360493268215446,3.7751471720637375,4.55099259532325,0.03847155558635074,2.567170229497922,0.96896375528668,-0.8044029550632814,0.9602658377873,4.2899522235508964,9.616666666666724,90.80785540070377,91.46705994271565,9.284488121875954,5.374047608002229,3.265353571496701,4.71238898038469,4.443408081838056,0,2.264077591482997,0.9228911003410767,1.1954874815730065,0.16857551973316243,3.4485999025553595
7.4,8.733,offered,8.733333333333347,81.26671767345175,87.11327916666505,11.416268696815466,5.3349593749999995,3.360493268215446,3.7751471720637375,4.55099259532325,0.03847155558635074,2.567170229497922,0.96896375528668,-0.8044029550632814,0.9602658377873,4.2899522235508964,9.616666666666724,90.80785540070377,91.46705994271565,9.284488121875954,5.374047608002229,3.265353571496701,4.71238898038469,4.443408081838056,0,2.264077591482997,0.9228911003410767,1.1954874815730065,0.16857551973316243,3.4485999025553595
7.4,8.75,offered,8.750000000000014,81.45698881839866,87.20219515624837,11.395337754655104,5.3349593749999995,3.600797049222301,3.979416144394024,4.548091366011669,0.03529780204941635,2.5674664281368265,0.9683574419357702,-0.803156675454868,0.9468798931963855,4.273285556884233,9.616666666666724,90.80785540070377,91.46705994271565,9.284488121875954,5.374047608002229,3.265353571496701,4.71238898038469,4.443408081838056,0,2.264077591482997,0.9228911003410767,1.1954874815730065,0.16857551973316243,3.4485999025553595
7.4,8.767,offered,8.78333333333335,81.83647891551806,87.38002713541499,11.352481743450147,5.3349593749999995,4.080451613502318,4.387954089054596,4.542412228389278,0.0289037355727554,2.5677674489269284,0.9671501039269504,-0.8014826778862916,0.92015207645622,4.239952223550907,9.616666666666724,90.80785540070377,91.46705994271565,9.284488121875954,5.374047608002229,3.265353571496701,4.71238898038469,4.443408081838056,0,2.264077591482997,0.9228911003410767,1.1954874815730065,0.16857551973316243,3.4485999025553595
7.4,8.783,offered,8.78333333333335,81.83647891551806,87.38002713541499,11.352481743450147,5.3349593749999995,4.080451613502318,4.387954089054596,4.542412228389278,0.0289037355727554,2.5677674489269284,0.9671501039269504,-0.8014826778862916,0.92015207645622,4.239952223550907,9.616666666666724,90.80785540070377,91.46705994271565,9.284488121875954,5.374047608002229,3.265353571496701,4.71238898038469,4.443408081838056,0,2.264077591482997,0.9228911003410767,1.1954874815730065,0.16857551973316243,3.4485999025553595
7.4,8.8,offered,8.800000000000017,82.02568694457557,87.4689431249983,11.33060033851907,5.3349593749999995,4.319805157662666,4.592223061384883,4.53963343346449,0.025693429062969564,2.5677787689547613,0.9665480307272478,-0.8010365998512881,0.9068014664586985,4.223285556884245,9.616666666666724,90.81142977559318,91.47698825787649,9.286087084001688,5.377878154346179,3.2666187733289025,4.71238898038469,4.443379730357033,0,2.264056453518277,0.9230645469851697,1.219167408457582,0.17029756961892212,3.4442973995522714
7.4,8.817,offered,8.833333333333352,82.40300436507596,87.64677510416493,11.286035887034219,5.3349593749999995,4.797573438264017,5.0007610060454555,4.53419513639788,0.019269749496984144,2.567539111390039,0.9653445901172538,-0.8008812273775945,0.880106128042082,4.189952223550919,9.633333333333391,91.03337001808995,91.86948826948935,9.337927288882819,5.5287497114192625,3.4665036455962004,4.71238898038469,4.4416329750555255,0,2.262767658116718,0.9291115448297429,1.929692761271284,0.21950099054088995,3.2793149765964786
7.4,8.833,offered,8.833333333333352,82.40300436507596,87.64677510416493,11.286035887034219,5.3349593749999995,4.797573438264017,5.0007610060454555,4.53419513639788,0.019269749496984144,2.567539111390039,0.9653445901172538,-0.8008812273775945,0.880106128042082,4.189952223550919,9.633333333333391,91.03337001808995,91.86948826948935,9.337927288882819,5.5287497114192625,3.4665036455962004,4.71238898038469,4.4416329750555255,0,2.262767658116718,0.9291115448297429,1.929692761271284,0.21950099054088995,3.2793149765964786
7.4,8.85,offered,8.85000000000002,82.59110496319317,87.73569109374824,11.263393251808541,5.3349593749999995,5.035992302162457,5.205029978375742,4.531534719153341,0.016065146353620937,2.5672944963428876,0.9647422814977618,-0.8011543097460128,0.8667535562129818,4.173285556884256,9.633333333333391,91.03337001808995,91.86948826948935,9.337927288882819,5.5287497114192625,3.4665036455962004,4.71238898038469,4.4416329750555255,0,2.262767658116718,0.9291115448297429,1.929692761271284,0.21950099054088995,3.2793149765964786
7.4,8.867,offered,8.883333333333354,82.96617045653448,87.91352307291487,11.217483973416703,5.3349593749999995,5.511911313149459,5.613567923036315,4.526329032882558,0.009690780170884912,2.566571407991638,0.9635342638021097,-0.8023591062096402,0.8400200754158809,4.139952223550931,9.633333333333391,91.03337001808995,91.86948826948935,9.337927288882819,5.5287497114192625,3.4665036455962004,4.71238898038469,4.4416329750555255,0,2.262767658116718,0.9291115448297429,1.929692761271284,0.21950099054088995,3.2793149765964786
7.4,8.883,offered,8.883333333333354,82.96617045653448,87.91352307291487,11.217483973416703,5.3349593749999995,5.511911313149459,5.613567923036315,4.526329032882558,0.009690780170884912,2.566571407991638,0.9635342638021097,-0.8023591062096402,0.8400200754158809,4.139952223550931,9.633333333333391,91.03337001808995,91.86948826948935,9.337927288882819,5.5287497114192625,3.4665036455962004,4.71238898038469,4.4416329750555255,0,2.262767658116718,0.9291115448297429,1.929692761271284,0.21950099054088995,3.2793149765964786
7.4,8.9,offered,8.900000000000022,83.1531285227581,88.00243906249818,11.194254354090443,5.3349593749999995,5.749416755169899,5.817836895366601,4.523782829507495,0.00652854563122514,2.5660991388618863,0.9629277154791769,-0.803274161466434,0.8266321727247736,4.123285556884268,9.633333333333391,91.03337001808995,91.86948826948935,9.337927288882819,5.5287497114192625,3.4665036455962004,4.71238898038469,4.4416329750555255,0,2.262767658116718,0.9291115448297429,1.929692761271284,0.21950099054088995,3.2793149765964786
7.4,8.917,offered,8.933333333333357,83.52588051453529,88.18027104166481,11.147333468065863,5.3349593749999995,6.223534020127699,6.226374840027174,4.518801350354708,0.0002712779527802702,2.5649484456848533,0.9617075632085467,-0.8056892884857669,0.7997975704695222,4.089952223550942,9.633333333333391,91.03337001808995,91.86948826948935,9.337927288882819,5.5287497114192625,3.4665036455962004,4.71238898038469,4.4416329750555255,0,2.262767658116718,0.9291115448297429,1.929692761271284,0.21950099054088995,3.2793149765964786
7.4,8.933,offered,8.933333333333357,83.52588051453529,88.18027104166481,11.147333468065863,5.3349593749999995,6.223534020127699,6.226374840027174,4.518801350354708,0.0002712779527802702,2.5649484456848533,0.9617075632085467,-0.8056892884857669,0.7997975704695222,4.089952223550942,9.633333333333391,91.03337001808995,91.86948826948935,9.337927288882819,5.5287497114192625,3.4665036455962004,4.71238898038469,4.4416329750555255,0,2.262767658116718,0.9291115448297429,1.929692761271284,0.21950099054088995,3.2793149765964786
7.4,8.95,offered,8.950000000000024,83.71166940566974,88.26918703124812,11.1236758429535,5.3349593749999995,0.17696680245027174,0.14745850517787407,4.516365129173506,-0.00281742590828138,2.5642760499941986,0.9610932156022033,-0.8071738031717124,0.7863446737499936,4.0732855568842785,9.633333333333391,91.03337001808995,91.86948826948935,9.337927288882819,5.5287497114192625,3.4665036455962004,4.71238898038469,4.4416329750555255,0,2.262767658116718,0.9291115448297429,1.929692761271284,0.21950099054088995,3.2793149765964786
7.4,8.967,offered,8.98333333333336,84.08206247421367,88.44701901041475,11.076046199634158,5.3349593749999995,0.6493385962522231,0.5559964498384468,4.511599353255219,-0.00890058048560518,2.5627519989179617,0.959854231231694,-0.8106592846500438,0.7593531373290823,4.039952223550953,9.633333333333391,91.03337001808995,91.86948826948935,9.337927288882819,5.5287497114192625,3.4665036455962004,4.71238898038469,4.4416329750555255,0,2.262767658116718,0.9291115448297429,1.929692761271284,0.21950099054088995,3.2793149765964786
7.4,8.983,offered,8.98333333333336,84.08206247421367,88.44701901041475,11.076046199634158,5.3349593749999995,0.6493385962522231,0.5559964498384468,4.511599353255219,-0.00890058048560518,2.5627519989179617,0.959854231231694,-0.8106592846500438,0.7593531373290823,4.039952223550953,9.633333333333391,91.03337001808995,91.86948826948935,9.337927288882819,5.5287497114192625,3.4665036455962004,4.71238898038469,4.4416329750555255,0,2.262767658116718,0.9291115448297429,1.929692761271284,0.21950099054088995,3.2793149765964786
7.4,9,offered,9.000000000000027,84.26666324420756,88.53593499999806,11.05210455316311,5.3349593749999995,0.8850993526832364,0.760265422168733,4.509268849183308,-0.011889825159388221,2.56190618361091,0.9592289395250858,-0.8126458533041014,0.7458090397740139,4.02328555688429,9.633333333333391,91.03337001808995,91.86948826948935,9.337927288882819,5.5287497114192625,3.4665036455962004,4.71238898038469,4.4416329750555255,0,2.262767658116718,0.9291115448297429,1.929692761271284,0.21950099054088995,3.2793149765964786
7.4,9.017,offered,9.033333333333362,84.63466661560653,88.71376697916469,11.004039625341951,5.3349593749999995,1.3557890298840531,1.1688033668293059,4.504710236539054,-0.017751946573374016,2.5600613299569654,0.9579652239310182,-0.8170720994449776,0.7186114098234512,3.9899522235509646,9.633333333333391,91.03337001808995,91.86948826948935,9.337927288882819,5.5287497114192625,3.4665036455962004,4.71238898038469,4.4416329750555255,0,2.262767658116718,0.9291115448297429,1.929692761271284,0.21950099054088995,3.2793149765964786
7.4,9.033,offered,9.033333333333362,84.63466661560653,88.71376697916469,11.004039625341951,5.3349593749999995,1.3557890298840531,1.1688033668293059,4.504710236539054,-0.017751946573374016,2.5600613299569654,0.9579652239310182,-0.8170720994449776,0.7186114098234512,3.9899522235509646,9.633333333333391,91.03337001808995,91.86948826948935,9.337927288882819,5.5287497114192625,3.4665036455962004,4.71238898038469,4.4416329750555255,0,2.262767658116718,0.9291115448297429,1.929692761271284,0.21950099054088995,3.2793149765964786
7.4,9.05,offered,9.05000000000003,84.8180672760289,88.802682968748,10.979943635169612,5.3349593749999995,1.59072561656272,1.3730723391595923,4.502481180783353,-0.020620642536158924,2.5590679352974313,0.9573262268735793,-0.8194985287194889,0.7049531010114597,3.9732855568843015,9.633333333333391,91.03337001808995,91.86948826948935,9.337927288882819,5.5287497114192625,3.4665036455962004,4.71238898038469,4.4416329750555255,0,2.262767658116718,0.9291115448297429,1.929692761271284,0.21950099054088995,3.2793149765964786
7.4,9.067,offered,9.083333333333364,85.18366338124446,88.98051494791463,10.931689204199067,5.3349593749999995,2.0598020671217365,1.781610283820165,4.498121210160943,-0.02622403011857438,2.5569530693439164,0.9560326170655392,-0.824746264689793,0.6775063526111261,3.939952223550976,9.633333333333391,91.03337001808995,91.86948826948935,9.337927288882819,5.5287497114192625,3.4665036455962004,4.71238898038469,4.4416329750555255,0,2.262767658116718,0.9291115448297429,1.929692761271284,0.21950099054088995,3.2793149765964786
7.4,9.083,offered,9.083333333333364,85.18366338124446,88.98051494791463,10.931689204199067,5.3349593749999995,2.0598020671217365,1.781610283820165,4.498121210160943,-0.02622403011857438,2.5569530693439164,0.9560326170655392,-0.824746264689793,0.6775063526111261,3.939952223550976,9.633333333333391,91.03337001808995,91.86948826948935,9.337927288882819,5.5287497114192625,3.4665036455962004,4.71238898038469,4.4416329750555255,0,2.262767658116718,0.9291115448297429,1.929692761271284,0.21950099054088995,3.2793149765964786
7.4,9.1,offered,9.100000000000032,85.36585820131444,89.06943093749794,10.907555213952843,5.3349593749999995,2.2939500559289034,1.9858792561504515,4.495989355363872,-0.028955456152193863,2.5558370409510407,0.9553775062405901,-0.8275554124745477,0.663713762403217,3.923285556884313,9.633333333333391,91.03337001808995,91.86948826948935,9.337927288882819,5.5287497114192625,3.4665036455962004,4.71238898038469,4.4416329750555255,0,2.262767658116718,0.9291115448297429,1.929692761271284,0.21950099054088995,3.2793149765964786
7.4,9.117,offered,9.133333333333367,85.72904132604867,89.24726291666457,10.859331514778514,5.3349593749999995,2.7614863132393443,2.394417200811024,4.4918195701863715,-0.03427064317343407,2.5535011479824723,0.9540495154390259,-0.8335151419682174,0.6359805057235149,3.889952223550987,9.633333333333391,91.03337001808995,91.86948826948935,9.337927288882819,5.5287497114192625,3.4665036455962004,4.71238898038469,4.4416329750555255,0,2.262767658116718,0.9291115448297429,1.929692761271284,0.21950099054088995,3.2793149765964786
7.4,9.133,offered,9.133333333333367,85.72904132604867,89.24726291666457,10.859331514778514,5.3349593749999995,2.7614863132393443,2.394417200811024,4.4918195701863715,-0.03427064317343407,2.5535011479824723,0.9540495154390259,-0.8335151419682174,0.6359805057235149,3.889952223550987,9.633333333333391,91.03337001808995,91.86948826948935,9.337927288882819,5.5287497114192625,3.4665036455962004,4.71238898038469,4.4416329750555255,0,2.262767658116718,0.9291115448297429,1.929692761271284,0.21950099054088995,3.2793149765964786
7.4,9.15,offered,9.150000000000034,85.91003018462834,89.33617890624788,10.835263684814064,5.3349593749999995,2.9948830292746926,2.5986861731413105,4.489780711328123,-0.036851939406338664,2.552286524253732,0.9533762063278763,-0.8366545555748228,0.6220362631306012,3.873285556884324,9.633333333333391,91.03337001808995,91.86948826948935,9.337927288882819,5.5287497114192625,3.4665036455962004,4.71238898038469,4.4416329750555255,0,2.262767658116718,0.9291115448297429,1.929692761271284,0.21950099054088995,3.2793149765964786
7.4,9.167,offered,9.183333333333369,86.2708052314996,89.5140108854145,10.78726781614257,5.3349593749999995,3.460955042577115,3.0072241178018833,4.485792757550073,-0.0418566677229492,2.5497767727931975,0.9520099686799782,-0.8432256824403761,0.5939842827314505,3.8399522235509984,9.633333333333391,91.03337001808995,91.86948826948935,9.337927288882819,5.5287497114192625,3.4665036455962004,4.71238898038469,4.4416329750555255,0,2.262767658116718,0.9291115448297429,1.929692761271284,0.21950099054088995,3.2793149765964786
7.4,9.183,offered,9.183333333333369,86.2708052314996,89.5140108854145,10.78726781614257,5.3349593749999995,3.460955042577115,3.0072241178018833,4.485792757550073,-0.0418566677229492,2.5497767727931975,0.9520099686799782,-0.8432256824403761,0.5939842827314505,3.8399522235509984,9.633333333333391,91.03337001808995,91.86948826948935,9.337927288882819,5.5287497114192625,3.4665036455962004,4.71238898038469,4.4416329750555255,0,2.262767658116718,0.9291115448297429,1.929692761271284,0.21950099054088995,3.2793149765964786
7.4,9.2,offered,9.200000000000037,86.45059302843532,89.60292687499782,10.763359366178133,5.3349593749999995,3.693638992124172,3.2114930901321697,4.4838427489926,-0.044278323082452324,2.5484866851788817,0.9513166744917337,-0.8466470941222259,0.5798734978294134,3.8232855568843354,9.633333333333391,91.03337001808995,91.86948826948935,9.337927288882819,5.5287497114192625,3.4665036455962004,4.71238898038469,4.4416329750555255,0,2.262767658116718,0.9291115448297429,1.929692761271284,0.21950099054088995,3.2793149765964786
7.4,9.217,offered,9.233333333333372,86.80897440204467,89.78075885416445,10.715767814554905,5.3349593749999995,4.158324565380035,3.6200310347927425,4.480028405650989,-0.04895653065234485,2.5458484385970688,0.9499088960357992,-0.8537368104945164,0.5514753440299586,3.7899522235510097,9.633333333333391,91.03337001808995,91.86948826948935,9.337927288882819,5.5287497114192625,3.4665036455962004,4.71238898038469,4.4416329750555255,0,2.262767658116718,0.9291115448297429,1.929692761271284,0.21950099054088995,3.2793149765964786
7.4,9.233,offered,9.233333333333372,86.80897440204467,89.78075885416445,10.715767814554905,5.3349593749999995,4.158324565380035,3.6200310347927425,4.480028405650989,-0.04895653065234485,2.5458484385970688,0.9499088960357992,-0.8537368104945164,0.5514753440299586,3.7899522235510097,9.633333333333391,91.03337001808995,91.86948826948935,9.337927288882819,5.5287497114192625,3.4665036455962004,4.71238898038469,4.4416329750555255,0,2.262767658116718,0.9291115448297429,1.929692761271284,0.21950099054088995,3.2793149765964786
7.4,9.25,offered,9.250000000000039,86.98757053228724,89.86967484374776,10.69210229273972,5.3349593749999995,4.39033494621377,3.824300007123029,4.478163174738514,-0.05121188702732245,2.5445051224653246,0.9491941049556608,-0.8573955400692168,0.5371854183621383,3.773285556884347,9.633333333333391,91.03337001808995,91.86948826948935,9.337927288882819,5.5287497114192625,3.4665036455962004,4.71238898038469,4.4416329750555255,0,2.262767658116718,0.9291115448297429,1.929692761271284,0.21950099054088995,3.2793149765964786
7.4,9.267,offered,9.283333333333374,87.34358115087139,90.04750682291439,10.647764074965707,5.35575935570035,4.8537128382039265,4.232837951783601,4.474514378036778,-0.05555274538423882,2.5417819697423294,0.947981570240117,-0.7451433841004573,0.5104142957326071,3.725427498128603,9.633333333333391,91.03337001808995,91.86948826948935,9.337927288882819,5.5287497114192625,3.4665036455962004,4.71238898038469,4.4416329750555255,0,2.262767658116718,0.9291115448297429,1.929692761271284,0.21950099054088995,3.2793149765964786
7.4,9.283,offered,9.283333333333374,87.34358115087139,90.04750682291439,10.647764074965707,5.35575935570035,4.8537128382039265,4.232837951783601,4.474514378036778,-0.05555274538423882,2.5417819697423294,0.947981570240117,-0.7451433841004573,0.5104142957326071,3.725427498128603,9.633333333333391,91.03337001808995,91.86948826948935,9.337927288882819,5.5287497114192625,3.4665036455962004,4.71238898038469,4.4416329750555255,0,2.262767658116718,0.9291115448297429,1.929692761271284,0.21950099054088995,3.2793149765964786
7.4,9.3,offered,9.300000000000042,87.52104388545416,90.13676947884272,10.629129556303544,5.394810043869024,5.0850891282312,4.437562409987653,4.472729487460669,-0.05760284833743056,2.5404064350459623,0.9476573415940602,-0.6621143230283943,0.4993790570154672,3.6819147216742154,9.633333333333391,91.03337001808995,91.86948826948935,9.337927288882819,5.5287497114192625,3.4665036455962004,4.71238898038469,4.4416329750555255,0,2.262767658116718,0.9291115448297429,1.929692761271284,0.21950099054088995,3.2793149765964786
7.4,9.317,Failure: P caught up with R,9.333333333333377,87.8750376246569,90.31725136596162,10.592141193935644,5.473638429399779,5.547246874822906,4.8495521121185945,4.469235208612663,-0.06134972657315367,2.5376376937941547,0.9469430081730945,-0.6798616161753324,0.47675961184075283,3.5959168454239165,,,,,,,,,,,,,,
7.4,9.333,Failure: P caught up with R,9.333333333333377,87.8750376246569,90.31725136596162,10.592141193935644,5.473638429399779,5.547246874822906,4.8495521121185945,4.469235208612663,-0.06134972657315367,2.5376376937941547,0.9469430081730945,-0.6798616161753324,0.47675961184075283,3.5959168454239165,,,,,,,,,,,,,,
7.4,9.35,Failure: P caught up with R,9.350000000000044,88.05157331122251,90.40847867311828,10.574026914319923,5.513415345225494,5.778043218960247,5.056809557493504,4.46752501585297,-0.06305511724838532,2.5362489425044608,0.9465746864909246,-0.6841608410849587,0.4653569311560035,3.55342743111991,,,,,,,,,,,,,,
7.4,9.367,Failure: P caught up with R,9.383333333333379,88.40374294574514,90.59292615216987,10.538507727653561,5.5936919553218765,6.239106212299764,5.473829167439869,4.46417645930698,-0.06615149419190124,2.533473572012145,0.9458125007152386,-0.6927242244583343,0.44233871635862015,3.4694570245982375,,,,,,,,,,,,,,
7.4,9.383,Failure: P caught up with R,9.383333333333379,88.40374294574514,90.59292615216987,10.538507727653561,5.5936919553218765,6.239106212299764,5.473829167439869,4.46417645930698,-0.06615149419190124,2.533473572012145,0.9458125007152386,-0.6927242244583343,0.44233871635862015,3.4694570245982375,,,,,,,,,,,,,,
7.4,9.4,Failure: P caught up with R,9.400000000000047,88.57938474120601,90.68615435142522,10.521090948211588,5.634190283073596,0.18620095379867863,5.683582750196469,4.462537288045649,-0.06755108872852808,2.5320912455731106,0.9454180887224707,-0.6972059963839272,0.43071861641888803,3.4279718430167367,,,,,,,,,,,,,,
7.4,9.417,Failure: P caught up with R,9.433333333333382,88.92980117325936,90.87463964848826,10.486913925489175,5.715902778457348,0.6462898123258602,6.105555018261719,4.459327182160276,-0.07007413075205814,2.529347885525661,0.9446012534643998,-0.7065919031086021,0.4072449892682975,3.345991192081375,,,,,,,,,,,,,,
7.4,9.433,Failure: P caught up with R,9.433333333333382,88.92980117325936,90.87463964848826,10.486913925489175,5.715902778457348,0.6462898123258602,6.105555018261719,4.459327182160276,-0.07007413075205814,2.529347885525661,0.9446012534643998,-0.7065919031086021,0.4072449892682975,3.345991192081375,,,,,,,,,,,,,,
7.4,9.45,Failure: P caught up with R,9.450000000000049,89.10458307201753,90.9699046947959,10.47014189828889,5.757114933697424,0.8761105646767042,0.034579011285044814,4.457755472538188,-0.07120571475132284,2.5279910215995813,0.9441782250128571,-0.7115142257713858,0.3953864188387744,3.3054916437081263,,,,,,,,,,,,,,
7.4,9.467,Failure: P caught up with R,9.483333333333384,89.45331165362512,91.16249932414809,10.437201353454782,5.840245160727675,1.3353328361863313,0.4614194591696439,4.4546768408915725,-0.07322844924916733,2.525317205326817,0.9433012798647212,-0.7218695136693265,0.37141187593764163,3.225464027182178,,,,,,,,,,,,,,
7.4,9.483,Failure: P caught up with R,9.483333333333384,89.45331165362512,91.16249932414809,10.437201353454782,5.840245160727675,1.3353328361863313,0.4614194591696439,4.4546768408915725,-0.07322844924916733,2.525317205326817,0.9433012798647212,-0.7218695136693265,0.37141187593764163,3.225464027182178,,,,,,,,,,,,,,
7.4,9.5,Failure: P caught up with R,9.500000000000052,89.62726500951601,91.25983674349357,10.421021127614914,5.8821605111105075,1.5647449375074411,0.6760403999508224,4.453169174117672,-0.07412696058889007,2.5240043088082698,0.9428466289845252,-0.7273254400980034,0.3592897852693416,3.185931975353123,,,,,,,,,,,,,,
7.4,9.517,Failure: P caught up with R,9.533333333333387,89.97436580372886,91.45661120749469,10.389211792225414,5.966683933833122,2.0231959535660033,1.107657154432494,4.450215312514894,-0.07571551571567087,2.52143654406023,0.9419029480114048,-0.7388570206051914,0.3347591104933385,3.1078215300391574,,,,,,,,,,,,,,
7.4,9.533,Failure: P caught up with R,9.533333333333387,89.97436580372886,91.45661120749469,10.389211792225414,5.966683933833122,2.0231959535660033,1.107657154432494,4.450215312514894,-0.07571551571567087,2.52143654406023,0.9419029480114048,-0.7388570206051914,0.3347591104933385,3.1078215300391574,,,,,,,,,,,,,,
7.4,9.55,Failure: P caught up with R,9.550000000000054,90.14751933359929,91.55605593972524,10.373571212134832,6.00928851085271,2.252244227311911,1.3246419227808206,4.44876840101818,-0.0764119638438414,2.520185625760818,0.9414130272576701,-0.7449603768674129,0.32234310421221496,3.069239233058156,,,,,,,,,,,,,,
7.4,9.567,Failure: P caught up with R,9.583333333333389,90.4930471720674,91.7570794000224,10.3427897683591,6.095173627339008,2.7100083262126446,1.76093556603842,4.445932858096527,-0.07762392058066625,2.5177594664453853,0.9403945736308046,-0.7579181125231271,0.2971893239883359,2.9930108173049654,,,,,,,,,,,,,,
7.4,9.583,Failure: P caught up with R,9.583333333333389,90.4930471720674,91.7570794000224,10.3427897683591,6.095173627339008,2.7100083262126446,1.76093556603842,4.445932858096527,-0.07762392058066625,2.5177594664453853,0.9403945736308046,-0.7579181125231271,0.2971893239883359,2.9930108173049654,,,,,,,,,,,,,,
7.4,9.6,Failure: P caught up with R,9.600000000000056,90.66542700154008,91.85866562714472,10.327637548845273,6.13844983154469,2.938732447324486,1.9802325426877796,4.444543536062705,-0.07814478856536627,2.5165880762757618,0.9398649621173579,-0.7648057567233391,0.28444256137628027,2.9553608599404595,,,,,,,,,,,,,,
7.4,9.617,Failure: P caught up with R,9.633333333333391,91.00943157282472,92.0640055465035,10.297781540552508,6.225657580149284,3.3958844062834177,2.4210959824530405,4.441820095154605,-0.07902836851646441,2.514338183888295,0.9387620024057501,-0.779489967907584,0.25858456377954914,2.880979916191668,,,,,,,,,,,,,,
7.4,9.633,Failure: P caught up with R,9.633333333333391,91.00943157282472,92.0640055465035,10.297781540552508,6.225657580149284,3.3958844062834177,2.4210959824530405,4.441820095154605,-0.07902836851646441,2.514338183888295,0.9387620024057501,-0.779489967907584,0.25858456377954914,2.880979916191668,,,,,,,,,,,,,,
7.4,9.65,Failure: P caught up with R,9.650000000000059,91.18106126516727,92.16776650617265,10.283066130113205,6.269583882953058,3.6243196469092296,2.642649682530784,4.440485309952758,-0.07939537472020204,2.5132634392540423,0.9381873488459086,-0.7873267799207728,0.2454624507808696,2.8442451407840683,,,,,,,,,,,,,,
7.4,9.667,Failure: P caught up with R,9.683333333333394,91.52358710923,92.37748826053996,10.254030537254252,6.358067045385878,4.080926204509502,3.0879680455306966,4.4378679731301816,-0.07998924646150142,2.511223635312372,0.9369881014276461,-0.8041011491175981,0.21880205562868235,2.771677557607527,,,,,,,,,,,,,,
7.4,9.683,Failure: P caught up with R,9.683333333333394,91.52358710923,92.37748826053996,10.254030537254252,6.358067045385878,4.080926204509502,3.0879680455306966,4.4378679731301816,-0.07998924646150142,2.511223635312372,0.9369881014276461,-0.8041011491175981,0.21880205562868235,2.771677557607527,,,,,,,,,,,,,,
7.4,9.7,Failure: P caught up with R,9.700000000000061,91.69448761818421,92.48345604462975,10.23969782775313,6.402617691244901,4.309104201058461,3.311719071766774,4.436584777995997,-0.08021937102382944,2.510262245221678,0.936361925091028,-0.8130881683090391,0.20525058615686503,2.7358409950546965,,,,,,,,,,,,,,
7.4,9.717,Failure: P caught up with R,9.733333333333396,92.03557391094876,92.69762250540145,10.21136928630287,6.492320300724142,4.76522558233013,3.7613696241926724,4.43406775289791,-0.08055291058433611,2.508465555299333,0.9350521023939167,-0.8324001274138304,0.17766873034760391,2.6650529692240643,,,,,,,,,,,,,,
7.4,9.733,Failure: P caught up with R,9.733333333333396,92.03557391094876,92.69762250540145,10.21136928630287,6.492320300724142,4.76522558233013,3.7613696241926724,4.43406775289791,-0.08055291058433611,2.508465555299333,0.9350521023939167,-0.8324001274138304,0.17766873034760391,2.6650529692240643,,,,,,,,,,,,,,
7.4,9.75,Failure: P caught up with R,9.750000000000064,92.20576339905381,92.80582784374684,10.197359086853753,6.537465014191473,4.993175086428571,3.98725463462391,4.432833301127484,-0.0806586160791837,2.50763384024099,0.9343665280063264,-0.8427871937951775,0.1636222771176843,2.6300977701491632,,,,,,,,,,,,,,
7.4,9.767,Failure: P caught up with R,9.783333333333399,92.54544340507454,93.02449893065148,10.16960741796064,6.628321778405011,5.448866466466838,4.441106733624728,4.4304109910289124,-0.08075250075824547,2.506112529142681,0.9329287141446694,-0.8651994030395233,0.13497382827054294,2.561055669423668,,,,,,,,,,,,,,
7.4,9.783,Failure: P caught up with R,9.783333333333399,92.54544340507454,93.02449893065148,10.16960741796064,6.628321778405011,5.448866466466838,4.441106733624728,4.4304109910289124,-0.08075250075824547,2.506112529142681,0.9329287141446694,-0.8651994030395233,0.13497382827054294,2.561055669423668,,,,,,,,,,,,,,
7.4,9.8,Failure: P caught up with R,9.800000000000066,92.71493686204053,93.13497096029158,10.155848424923422,6.67402548129034,5.676614052444485,4.669058425855038,4.429222531905673,-0.08074209578207407,2.5054264361768923,0.9321741047732588,-0.8773046857053124,0.12035208350878773,2.5269650358673448,,,,,,,,,,,,,,
7.4,9.817,Failure: P caught up with R,9.833333333333401,93.05323690967083,93.35820316581157,10.128514687762754,6.765961231418474,6.131926911625601,5.126973506293669,4.426889529506126,-0.08060914447156739,2.504212032355322,0.930586878134998,-0.9035439852023167,0.09045852818994725,2.459635263192234,,,,,,,,,,,,,,
7.4,9.833,Failure: P caught up with R,9.833333333333401,93.05323690967083,93.35820316581157,10.128514687762754,6.765961231418474,6.131926911625601,5.126973506293669,4.426889529506126,-0.08060914447156739,2.504212032355322,0.930586878134998,-0.9035439852023167,0.09045852818994725,2.459635263192234,,,,,,,,,,,,,,
7.4,9.85,Failure: P caught up with R,9.850000000000069,93.22204548780019,93.4709691863352,10.114917405572033,6.812183776073373,0.07631231324711418,5.356920620485123,4.42574440623566,-0.08048725355034414,2.5036871440116886,0.9297513088347801,-0.917784650108921,0.07516211735479857,2.426392381209707,,,,,,,,,,,,,,
7.4,9.867,Failure: P caught up with R,9.883333333333404,93.55898327148185,93.69881507317683,10.0877969793605,6.905112954681071,0.5312956494244349,5.8187522214092615,4.423495491844215,-0.08013345150407558,2.5028104493072263,0.9279879617126567,-0.9488200256321637,0.0438008913371047,2.3607412411367394,,,,,,,,,,,,,,
7.4,9.883,Failure: P caught up with R,9.883333333333404,93.55898327148185,93.69881507317683,10.0877969793605,6.905112954681071,0.5312956494244349,5.8187522214092615,4.423495491844215,-0.08013345150407558,2.5028104493072263,0.9279879617126567,-0.9488200256321637,0.0438008913371047,2.3607412411367394,,,,,,,,,,,,,,
7.4,9.9,Failure: P caught up with R,9.900000000000071,93.72711322113787,93.81390028908817,10.07424358686413,6.951808880200924,0.7587135540546575,6.050619564276097,4.4223911419261155,-0.07990156495327003,2.502461983675611,0.9270564379938401,-0.9657618594083163,0.027704860346966096,2.3283292147185746,,,,,,,,,,,,,,
7.4,9.917,Failure: P caught up with R,,,,,,,,,,,,,,,,,,,,,,,,,,,,
7.4,9.933,Failure: P caught up with R,,,,,,,,,,,,,,,,,,,,,,,,,,,,